date,trainset_id,fault_type,severity,resolved_in_hours,caused_withdrawal
2025-01-01,TS-004,pantograph_fault,high,42.9,True
2025-01-01,TS-005,pantograph_fault,medium,3.3,False
2025-01-01,TS-002,power_supply_issue,medium,7.4,False
2025-01-01,TS-022,pantograph_fault,high,26.6,False
2025-01-01,TS-002,pantograph_fault,high,27.4,True
2025-01-02,TS-018,door_malfunction,critical,37.4,True
2025-01-02,TS-007,coupling_issue,low,3.1,False
2025-01-03,TS-006,door_malfunction,low,2.8,False
2025-01-03,TS-012,signalling_error,critical,46.5,False
2025-01-03,TS-023,brake_fault,critical,109.3,False
2025-01-03,TS-011,telecom_down,medium,2.5,False
2025-01-03,TS-003,coupling_issue,medium,10.8,False
2025-01-03,TS-009,telecom_down,low,2.9,False
2025-01-04,TS-002,brake_fault,medium,11.9,False
2025-01-04,TS-016,telecom_down,low,2.5,False
2025-01-04,TS-012,power_supply_issue,medium,5.8,False
2025-01-04,TS-016,coupling_issue,low,1.8,False
2025-01-04,TS-017,hvac_failure,low,3.2,False
2025-01-04,TS-025,signalling_error,high,38.6,False
2025-01-04,TS-024,signalling_error,medium,2.2,False
2025-01-04,TS-021,pantograph_fault,medium,3.3,False
2025-01-05,TS-007,door_malfunction,critical,30.9,False
2025-01-05,TS-023,hvac_failure,low,1.2,False
2025-01-05,TS-024,coupling_issue,low,0.8,False
2025-01-05,TS-006,signalling_error,low,1.1,False
2025-01-06,TS-024,power_supply_issue,low,1.1,False
2025-01-06,TS-012,pantograph_fault,low,0.6,False
2025-01-06,TS-022,signalling_error,medium,3.7,False
2025-01-06,TS-006,door_malfunction,low,1.5,False
2025-01-06,TS-022,telecom_down,high,23.6,False
2025-01-06,TS-006,signalling_error,medium,9.9,False
2025-01-06,TS-025,brake_fault,low,2.9,False
2025-01-07,TS-023,telecom_down,high,13.1,True
2025-01-07,TS-017,coupling_issue,medium,2.5,False
2025-01-07,TS-001,coupling_issue,low,0.8,False
2025-01-07,TS-011,pantograph_fault,high,32.6,False
2025-01-08,TS-002,pantograph_fault,low,3.2,False
2025-01-08,TS-008,coupling_issue,medium,7.8,False
2025-01-09,TS-006,brake_fault,low,3.9,False
2025-01-09,TS-010,coupling_issue,low,2.5,False
2025-01-09,TS-004,signalling_error,medium,6.7,False
2025-01-10,TS-007,door_malfunction,critical,115.3,True
2025-01-10,TS-024,signalling_error,medium,7.6,False
2025-01-10,TS-020,brake_fault,high,29.2,True
2025-01-10,TS-020,hvac_failure,high,11.3,False
2025-01-11,TS-001,telecom_down,critical,83.9,False
2025-01-11,TS-007,door_malfunction,medium,5.4,False
2025-01-11,TS-002,hvac_failure,medium,3.2,False
2025-01-12,TS-012,hvac_failure,low,3.1,False
2025-01-12,TS-009,coupling_issue,medium,4.2,False
2025-01-12,TS-025,door_malfunction,high,46.7,False
2025-01-12,TS-024,brake_fault,low,1.3,False
2025-01-12,TS-014,pantograph_fault,high,42.6,True
2025-01-12,TS-009,power_supply_issue,medium,2.5,False
2025-01-12,TS-001,coupling_issue,medium,3.8,False
2025-01-12,TS-016,pantograph_fault,high,35.3,True
2025-01-13,TS-004,door_malfunction,low,0.7,False
2025-01-13,TS-007,power_supply_issue,medium,9.3,False
2025-01-14,TS-005,brake_fault,low,3.4,False
2025-01-14,TS-003,power_supply_issue,critical,100.7,True
2025-01-14,TS-011,coupling_issue,high,45.7,True
2025-01-14,TS-014,signalling_error,high,46.8,True
2025-01-14,TS-023,brake_fault,high,26.3,False
2025-01-14,TS-009,door_malfunction,high,22.4,False
2025-01-15,TS-010,signalling_error,medium,10.3,False
2025-01-15,TS-019,coupling_issue,critical,62.3,True
2025-01-15,TS-021,hvac_failure,low,2.6,False
2025-01-15,TS-020,power_supply_issue,high,15.1,False
2025-01-16,TS-015,hvac_failure,low,1.3,False
2025-01-16,TS-024,power_supply_issue,medium,10.0,False
2025-01-16,TS-014,brake_fault,medium,10.0,False
2025-01-16,TS-002,telecom_down,critical,83.9,True
2025-01-16,TS-005,brake_fault,low,2.9,False
2025-01-16,TS-009,coupling_issue,high,11.0,True
2025-01-17,TS-010,power_supply_issue,low,2.2,False
2025-01-17,TS-002,power_supply_issue,critical,101.7,False
2025-01-17,TS-025,brake_fault,low,1.2,False
2025-01-17,TS-002,hvac_failure,high,47.5,False
2025-01-17,TS-002,door_malfunction,high,47.9,False
2025-01-17,TS-020,power_supply_issue,low,2.3,False
2025-01-17,TS-006,signalling_error,medium,4.8,False
2025-01-17,TS-002,telecom_down,medium,8.2,False
2025-01-18,TS-024,hvac_failure,critical,89.1,True
2025-01-18,TS-007,signalling_error,critical,37.6,False
2025-01-18,TS-012,power_supply_issue,medium,10.4,False
2025-01-19,TS-019,power_supply_issue,low,2.4,False
2025-01-19,TS-004,hvac_failure,low,4.0,False
2025-01-19,TS-011,telecom_down,low,2.6,False
2025-01-19,TS-004,coupling_issue,medium,11.5,False
2025-01-19,TS-018,power_supply_issue,critical,80.8,False
2025-01-19,TS-005,coupling_issue,medium,10.3,False
2025-01-19,TS-021,signalling_error,low,1.5,False
2025-01-20,TS-013,door_malfunction,high,37.5,True
2025-01-20,TS-024,pantograph_fault,critical,84.4,True
2025-01-20,TS-011,brake_fault,low,2.8,False
2025-01-21,TS-020,hvac_failure,high,44.8,True
2025-01-21,TS-004,pantograph_fault,medium,4.4,False
2025-01-21,TS-023,pantograph_fault,low,0.7,False
2025-01-21,TS-002,telecom_down,medium,7.9,False
2025-01-21,TS-005,door_malfunction,low,0.6,False
2025-01-21,TS-012,signalling_error,medium,11.5,False
2025-01-21,TS-001,hvac_failure,low,2.4,False
2025-01-22,TS-005,coupling_issue,critical,111.1,True
2025-01-22,TS-018,door_malfunction,low,1.2,False
2025-01-22,TS-014,pantograph_fault,high,34.1,True
2025-01-22,TS-008,door_malfunction,low,2.7,False
2025-01-22,TS-005,power_supply_issue,critical,114.1,False
2025-01-22,TS-009,power_supply_issue,critical,84.7,False
2025-01-22,TS-013,hvac_failure,high,31.4,True
2025-01-23,TS-003,telecom_down,medium,7.2,False
2025-01-23,TS-001,coupling_issue,low,3.2,False
2025-01-24,TS-010,pantograph_fault,low,2.6,False
2025-01-24,TS-016,signalling_error,low,0.7,False
2025-01-24,TS-020,brake_fault,medium,7.6,False
2025-01-24,TS-008,brake_fault,medium,6.5,False
2025-01-24,TS-007,coupling_issue,medium,5.1,False
2025-01-25,TS-001,power_supply_issue,low,4.0,False
2025-01-25,TS-002,coupling_issue,medium,9.6,False
2025-01-25,TS-025,power_supply_issue,low,3.2,False
2025-01-25,TS-025,coupling_issue,low,3.2,False
2025-01-25,TS-012,hvac_failure,medium,9.9,False
2025-01-26,TS-013,brake_fault,medium,2.8,False
2025-01-26,TS-010,telecom_down,low,3.2,False
2025-01-26,TS-017,telecom_down,medium,10.0,False
2025-01-26,TS-025,coupling_issue,low,3.5,False
2025-01-26,TS-009,pantograph_fault,high,25.5,True
2025-01-27,TS-011,door_malfunction,high,17.1,False
2025-01-27,TS-002,door_malfunction,critical,77.3,True
2025-01-27,TS-018,signalling_error,medium,2.6,False
2025-01-27,TS-007,telecom_down,low,1.4,False
2025-01-27,TS-020,pantograph_fault,critical,112.5,True
2025-01-27,TS-010,coupling_issue,low,0.7,False
2025-01-27,TS-009,brake_fault,low,3.2,False
2025-01-27,TS-019,door_malfunction,high,39.5,True
2025-01-28,TS-005,brake_fault,low,2.7,False
2025-01-28,TS-002,power_supply_issue,medium,9.1,False
2025-01-28,TS-017,signalling_error,high,40.0,False
2025-01-28,TS-012,coupling_issue,medium,3.8,False
2025-01-28,TS-004,coupling_issue,low,2.6,False
2025-01-28,TS-007,door_malfunction,high,12.3,False
2025-01-29,TS-015,telecom_down,low,3.9,False
2025-01-29,TS-008,door_malfunction,critical,45.1,False
2025-01-29,TS-003,brake_fault,medium,2.2,False
2025-01-30,TS-022,power_supply_issue,medium,9.3,False
2025-01-30,TS-013,signalling_error,medium,7.0,False
2025-01-30,TS-019,brake_fault,medium,11.5,False
2025-01-30,TS-017,door_malfunction,low,1.3,False
2025-01-31,TS-008,brake_fault,medium,11.2,False
2025-01-31,TS-014,pantograph_fault,medium,8.2,False
2025-01-31,TS-013,door_malfunction,medium,4.4,False
2025-01-31,TS-017,signalling_error,low,1.9,False
2025-01-31,TS-022,power_supply_issue,medium,9.3,False
2025-02-01,TS-014,coupling_issue,low,1.3,False
2025-02-01,TS-013,coupling_issue,medium,10.6,False
2025-02-01,TS-012,hvac_failure,low,2.9,False
2025-02-01,TS-021,door_malfunction,critical,70.5,False
2025-02-02,TS-010,pantograph_fault,low,3.5,False
2025-02-02,TS-019,telecom_down,medium,3.1,False
2025-02-03,TS-020,coupling_issue,medium,6.8,False
2025-02-03,TS-015,coupling_issue,high,17.3,True
2025-02-03,TS-005,door_malfunction,medium,3.9,False
2025-02-03,TS-021,power_supply_issue,medium,8.2,False
2025-02-03,TS-017,signalling_error,medium,2.7,False
2025-02-03,TS-024,coupling_issue,low,3.8,False
2025-02-04,TS-002,pantograph_fault,medium,8.8,False
2025-02-04,TS-008,power_supply_issue,high,30.5,True
2025-02-04,TS-018,hvac_failure,medium,6.5,False
2025-02-04,TS-007,door_malfunction,high,12.6,True
2025-02-04,TS-011,power_supply_issue,high,47.7,True
2025-02-04,TS-024,door_malfunction,critical,76.7,True
2025-02-04,TS-006,signalling_error,medium,7.1,False
2025-02-04,TS-021,hvac_failure,low,3.4,False
2025-02-05,TS-008,coupling_issue,high,28.1,False
2025-02-05,TS-025,power_supply_issue,low,2.0,False
2025-02-05,TS-021,door_malfunction,medium,11.6,False
2025-02-05,TS-011,pantograph_fault,medium,2.0,False
2025-02-05,TS-018,telecom_down,low,3.7,False
2025-02-05,TS-006,hvac_failure,low,0.6,False
2025-02-06,TS-021,coupling_issue,low,2.5,False
2025-02-06,TS-015,signalling_error,medium,9.8,False
2025-02-06,TS-006,coupling_issue,low,2.3,False
2025-02-07,TS-009,door_malfunction,low,3.0,False
2025-02-07,TS-020,coupling_issue,high,15.4,True
2025-02-07,TS-018,power_supply_issue,medium,5.6,False
2025-02-07,TS-015,brake_fault,low,0.9,False
2025-02-07,TS-006,hvac_failure,low,2.6,False
2025-02-07,TS-014,hvac_failure,low,1.6,False
2025-02-07,TS-021,signalling_error,high,17.2,True
2025-02-07,TS-021,signalling_error,high,22.7,False
2025-02-08,TS-011,signalling_error,low,3.5,False
2025-02-08,TS-007,signalling_error,low,3.7,False
2025-02-09,TS-004,telecom_down,low,0.8,False
2025-02-09,TS-005,hvac_failure,low,1.3,False
2025-02-09,TS-009,hvac_failure,low,0.6,False
2025-02-09,TS-025,coupling_issue,medium,2.6,False
2025-02-09,TS-017,signalling_error,medium,7.0,False
2025-02-09,TS-018,signalling_error,medium,9.0,False
2025-02-09,TS-002,coupling_issue,low,0.9,False
2025-02-10,TS-014,hvac_failure,low,3.6,False
2025-02-10,TS-019,telecom_down,low,2.2,False
2025-02-10,TS-019,coupling_issue,low,1.0,False
2025-02-10,TS-014,brake_fault,low,3.0,False
2025-02-10,TS-015,pantograph_fault,medium,3.8,False
2025-02-10,TS-023,coupling_issue,high,19.4,False
2025-02-10,TS-002,door_malfunction,low,3.2,False
2025-02-11,TS-021,telecom_down,high,19.2,True
2025-02-11,TS-005,pantograph_fault,medium,8.0,False
2025-02-11,TS-009,door_malfunction,critical,107.4,True
2025-02-11,TS-011,pantograph_fault,high,10.3,False
2025-02-11,TS-010,power_supply_issue,medium,3.5,False
2025-02-11,TS-004,hvac_failure,low,0.9,False
2025-02-11,TS-005,pantograph_fault,high,20.2,True
2025-02-11,TS-004,coupling_issue,high,35.2,False
2025-02-12,TS-003,coupling_issue,high,37.4,False
2025-02-12,TS-011,coupling_issue,low,3.1,False
2025-02-12,TS-014,signalling_error,low,3.0,False
2025-02-12,TS-006,power_supply_issue,low,3.8,False
2025-02-13,TS-023,door_malfunction,low,2.1,False
2025-02-13,TS-019,coupling_issue,medium,5.2,False
2025-02-13,TS-016,brake_fault,low,1.0,False
2025-02-13,TS-022,pantograph_fault,high,9.1,True
2025-02-13,TS-014,pantograph_fault,low,3.4,False
2025-02-13,TS-011,telecom_down,medium,5.8,False
2025-02-13,TS-016,signalling_error,low,3.3,False
2025-02-13,TS-019,signalling_error,medium,6.7,False
2025-02-14,TS-011,coupling_issue,low,2.5,False
2025-02-14,TS-009,signalling_error,low,2.8,False
2025-02-14,TS-011,brake_fault,low,3.8,False
2025-02-14,TS-016,coupling_issue,medium,3.5,False
2025-02-14,TS-019,telecom_down,low,2.8,False
2025-02-15,TS-018,door_malfunction,low,1.2,False
2025-02-15,TS-001,power_supply_issue,medium,9.2,False
2025-02-15,TS-019,telecom_down,low,3.4,False
2025-02-15,TS-002,signalling_error,medium,11.7,False
2025-02-15,TS-007,coupling_issue,medium,3.7,False
2025-02-15,TS-001,pantograph_fault,high,18.2,False
2025-02-15,TS-022,power_supply_issue,high,33.6,True
2025-02-16,TS-008,power_supply_issue,low,3.7,False
2025-02-16,TS-022,signalling_error,low,2.5,False
2025-02-16,TS-017,telecom_down,low,3.5,False
2025-02-16,TS-019,pantograph_fault,high,31.9,False
2025-02-16,TS-023,signalling_error,medium,2.7,False
2025-02-16,TS-013,telecom_down,medium,5.7,False
2025-02-17,TS-007,telecom_down,medium,9.4,False
2025-02-17,TS-003,coupling_issue,critical,49.4,False
2025-02-18,TS-014,coupling_issue,low,4.0,False
2025-02-18,TS-013,telecom_down,low,0.9,False
2025-02-19,TS-024,power_supply_issue,low,1.7,False
2025-02-19,TS-006,brake_fault,medium,3.2,False
2025-02-19,TS-002,door_malfunction,low,1.7,False
2025-02-19,TS-003,coupling_issue,low,3.4,False
2025-02-19,TS-010,telecom_down,high,27.6,True
2025-02-20,TS-003,brake_fault,critical,74.6,True
2025-02-20,TS-006,signalling_error,low,2.0,False
2025-02-20,TS-023,door_malfunction,low,0.8,False
2025-02-20,TS-021,power_supply_issue,low,3.6,False
2025-02-20,TS-016,telecom_down,medium,6.8,False
2025-02-20,TS-005,telecom_down,high,19.0,False
2025-02-20,TS-010,coupling_issue,critical,32.2,True
2025-02-21,TS-022,brake_fault,medium,6.6,False
2025-02-21,TS-023,door_malfunction,low,2.5,False
2025-02-21,TS-019,door_malfunction,critical,58.1,True
2025-02-21,TS-001,signalling_error,low,2.0,False
2025-02-21,TS-002,door_malfunction,medium,8.5,False
2025-02-21,TS-016,signalling_error,low,3.0,False
2025-02-22,TS-013,coupling_issue,low,2.0,False
2025-02-22,TS-022,telecom_down,low,3.9,False
2025-02-22,TS-023,power_supply_issue,medium,7.4,False
2025-02-22,TS-023,door_malfunction,low,0.7,False
2025-02-22,TS-018,telecom_down,high,19.8,True
2025-02-23,TS-025,power_supply_issue,low,0.6,False
2025-02-23,TS-022,brake_fault,medium,6.0,False
2025-02-24,TS-015,power_supply_issue,medium,7.5,False
2025-02-24,TS-013,telecom_down,critical,61.5,True
2025-02-24,TS-001,pantograph_fault,medium,3.2,False
2025-02-24,TS-003,pantograph_fault,high,31.5,True
2025-02-25,TS-012,telecom_down,medium,6.2,False
2025-02-25,TS-011,door_malfunction,medium,10.3,False
2025-02-25,TS-012,power_supply_issue,medium,5.0,False
2025-02-25,TS-008,coupling_issue,critical,63.3,True
2025-02-26,TS-020,door_malfunction,medium,10.5,False
2025-02-26,TS-005,signalling_error,medium,2.0,False
2025-02-26,TS-021,door_malfunction,medium,5.7,False
2025-02-26,TS-019,signalling_error,low,3.7,False
2025-02-26,TS-006,coupling_issue,critical,107.9,True
2025-02-26,TS-007,door_malfunction,critical,63.0,True
2025-02-27,TS-020,hvac_failure,medium,6.1,False
2025-02-27,TS-025,signalling_error,medium,4.5,False
2025-02-28,TS-025,pantograph_fault,medium,6.0,False
2025-02-28,TS-011,hvac_failure,critical,93.4,False
2025-02-28,TS-011,brake_fault,medium,9.5,False
2025-02-28,TS-006,brake_fault,low,1.1,False
2025-02-28,TS-018,pantograph_fault,low,3.9,False
2025-02-28,TS-010,coupling_issue,high,16.4,True
2025-03-01,TS-001,pantograph_fault,low,2.0,False
2025-03-01,TS-023,hvac_failure,medium,5.0,False
2025-03-01,TS-008,telecom_down,high,44.2,False
2025-03-02,TS-016,telecom_down,low,3.8,False
2025-03-02,TS-018,door_malfunction,critical,109.6,True
2025-03-02,TS-021,telecom_down,medium,11.6,False
2025-03-03,TS-019,pantograph_fault,medium,3.5,False
2025-03-03,TS-025,power_supply_issue,low,2.6,False
2025-03-03,TS-021,telecom_down,medium,6.7,False
2025-03-03,TS-009,pantograph_fault,low,1.6,False
2025-03-04,TS-015,telecom_down,low,2.5,False
2025-03-04,TS-021,power_supply_issue,high,8.9,True
2025-03-05,TS-005,hvac_failure,medium,7.2,False
2025-03-05,TS-014,telecom_down,low,0.8,False
2025-03-05,TS-004,coupling_issue,low,3.7,False
2025-03-05,TS-005,door_malfunction,low,2.0,False
2025-03-05,TS-015,brake_fault,low,2.3,False
2025-03-05,TS-009,telecom_down,low,3.1,False
2025-03-05,TS-003,pantograph_fault,critical,106.6,True
2025-03-06,TS-017,signalling_error,critical,44.4,True
2025-03-06,TS-004,coupling_issue,high,11.7,True
2025-03-07,TS-006,door_malfunction,low,4.0,False
2025-03-07,TS-011,coupling_issue,high,41.9,False
2025-03-07,TS-022,signalling_error,low,3.7,False
2025-03-07,TS-021,brake_fault,low,3.6,False
2025-03-07,TS-001,door_malfunction,medium,9.3,False
2025-03-07,TS-023,pantograph_fault,high,23.4,False
2025-03-07,TS-017,brake_fault,medium,5.1,False
2025-03-07,TS-019,telecom_down,medium,8.2,False
2025-03-08,TS-024,pantograph_fault,medium,4.6,False
2025-03-08,TS-019,door_malfunction,high,24.8,True
2025-03-09,TS-020,signalling_error,high,29.0,True
2025-03-09,TS-005,telecom_down,medium,6.6,False
2025-03-09,TS-024,telecom_down,critical,37.4,False
2025-03-09,TS-013,brake_fault,high,25.9,True
2025-03-09,TS-007,pantograph_fault,low,2.2,False
2025-03-09,TS-004,power_supply_issue,low,3.2,False
2025-03-10,TS-001,door_malfunction,low,0.5,False
2025-03-10,TS-017,hvac_failure,medium,5.7,False
2025-03-10,TS-024,power_supply_issue,high,19.0,False
2025-03-10,TS-019,signalling_error,critical,24.9,False
2025-03-10,TS-022,pantograph_fault,low,1.6,False
2025-03-10,TS-008,coupling_issue,low,3.1,False
2025-03-10,TS-009,power_supply_issue,low,3.1,False
2025-03-10,TS-023,brake_fault,low,1.8,False
2025-03-11,TS-016,telecom_down,low,1.3,False
2025-03-11,TS-014,signalling_error,low,1.9,False
2025-03-11,TS-004,hvac_failure,medium,6.7,False
2025-03-11,TS-020,brake_fault,low,3.4,False
2025-03-11,TS-011,door_malfunction,medium,2.4,False
2025-03-11,TS-017,telecom_down,critical,57.7,True
2025-03-11,TS-016,door_malfunction,low,1.5,False
2025-03-12,TS-012,signalling_error,high,30.7,False
2025-03-12,TS-006,hvac_failure,high,23.6,True
2025-03-12,TS-006,brake_fault,low,1.3,False
2025-03-12,TS-024,telecom_down,medium,9.7,False
2025-03-12,TS-022,coupling_issue,low,3.5,False
2025-03-12,TS-004,hvac_failure,critical,103.3,False
2025-03-12,TS-019,hvac_failure,medium,3.8,False
2025-03-13,TS-011,signalling_error,critical,106.9,True
2025-03-13,TS-018,telecom_down,low,3.3,False
2025-03-13,TS-025,telecom_down,medium,5.7,False
2025-03-13,TS-015,coupling_issue,low,1.4,False
2025-03-14,TS-018,hvac_failure,medium,8.7,False
2025-03-14,TS-025,power_supply_issue,medium,8.1,False
2025-03-14,TS-012,brake_fault,low,2.6,False
2025-03-15,TS-006,signalling_error,medium,5.9,False
2025-03-15,TS-014,hvac_failure,low,1.5,False
2025-03-15,TS-025,brake_fault,low,3.0,False
2025-03-15,TS-016,power_supply_issue,critical,49.8,True
2025-03-15,TS-004,hvac_failure,low,3.2,False
2025-03-16,TS-021,door_malfunction,low,1.5,False
2025-03-16,TS-011,brake_fault,high,30.9,True
2025-03-16,TS-019,power_supply_issue,medium,9.6,False
2025-03-16,TS-020,pantograph_fault,medium,11.0,False
2025-03-16,TS-019,coupling_issue,critical,91.4,False
2025-03-16,TS-023,hvac_failure,high,35.0,True
2025-03-16,TS-009,telecom_down,high,22.2,True
2025-03-17,TS-019,door_malfunction,medium,8.8,False
2025-03-17,TS-009,brake_fault,high,24.1,True
2025-03-17,TS-019,door_malfunction,medium,7.3,False
2025-03-17,TS-017,power_supply_issue,medium,9.9,False
2025-03-17,TS-004,door_malfunction,medium,8.1,False
2025-03-17,TS-014,power_supply_issue,low,2.1,False
2025-03-18,TS-023,coupling_issue,high,27.2,False
2025-03-18,TS-007,power_supply_issue,medium,9.8,False
2025-03-18,TS-002,power_supply_issue,low,3.1,False
2025-03-18,TS-003,pantograph_fault,high,36.6,False
2025-03-18,TS-011,telecom_down,high,43.4,True
2025-03-18,TS-006,pantograph_fault,low,2.4,False
2025-03-18,TS-022,door_malfunction,low,2.4,False
2025-03-19,TS-004,power_supply_issue,critical,41.6,True
2025-03-19,TS-002,power_supply_issue,medium,5.8,False
2025-03-19,TS-020,pantograph_fault,medium,2.2,False
2025-03-19,TS-014,coupling_issue,low,1.7,False
2025-03-20,TS-005,telecom_down,critical,71.4,False
2025-03-20,TS-005,signalling_error,medium,4.0,False
2025-03-20,TS-007,coupling_issue,low,3.3,False
2025-03-20,TS-007,brake_fault,medium,4.2,False
2025-03-20,TS-012,telecom_down,high,41.1,False
2025-03-21,TS-010,door_malfunction,medium,9.6,False
2025-03-21,TS-022,signalling_error,critical,69.2,False
2025-03-21,TS-013,brake_fault,low,1.6,False
2025-03-21,TS-006,hvac_failure,medium,7.4,False
2025-03-21,TS-013,telecom_down,medium,6.0,False
2025-03-21,TS-009,hvac_failure,low,0.6,False
2025-03-21,TS-021,telecom_down,low,3.4,False
2025-03-21,TS-012,pantograph_fault,high,9.1,True
2025-03-22,TS-019,hvac_failure,high,41.5,True
2025-03-22,TS-015,coupling_issue,low,3.5,False
2025-03-22,TS-012,brake_fault,low,0.6,False
2025-03-22,TS-016,power_supply_issue,low,1.1,False
2025-03-22,TS-002,hvac_failure,low,3.5,False
2025-03-22,TS-023,hvac_failure,medium,9.2,False
2025-03-22,TS-019,brake_fault,high,40.5,False
2025-03-22,TS-020,telecom_down,high,21.9,True
2025-03-23,TS-013,power_supply_issue,medium,2.2,False
2025-03-23,TS-023,hvac_failure,low,2.7,False
2025-03-24,TS-021,coupling_issue,low,2.0,False
2025-03-24,TS-001,pantograph_fault,medium,7.5,False
2025-03-24,TS-025,power_supply_issue,low,3.4,False
2025-03-24,TS-019,pantograph_fault,high,23.0,True
2025-03-25,TS-002,signalling_error,high,39.8,False
2025-03-25,TS-003,brake_fault,critical,71.5,False
2025-03-25,TS-024,pantograph_fault,critical,86.5,True
2025-03-25,TS-011,brake_fault,medium,10.6,False
2025-03-25,TS-021,pantograph_fault,high,39.1,True
2025-03-25,TS-015,door_malfunction,medium,2.0,False
2025-03-25,TS-003,hvac_failure,high,30.0,True
2025-03-25,TS-023,hvac_failure,critical,113.4,True
2025-03-26,TS-014,brake_fault,low,2.6,False
2025-03-26,TS-005,door_malfunction,medium,5.0,False
2025-03-26,TS-025,brake_fault,high,33.0,True
2025-03-26,TS-022,pantograph_fault,low,3.3,False
2025-03-26,TS-023,signalling_error,high,23.2,True
2025-03-26,TS-025,hvac_failure,high,11.0,True
2025-03-26,TS-024,hvac_failure,high,27.8,False
2025-03-27,TS-012,door_malfunction,critical,34.6,True
2025-03-27,TS-006,hvac_failure,low,1.9,False
2025-03-28,TS-013,power_supply_issue,medium,3.2,False
2025-03-28,TS-013,signalling_error,medium,3.6,False
2025-03-28,TS-017,brake_fault,medium,5.6,False
2025-03-29,TS-010,telecom_down,low,2.0,False
2025-03-29,TS-006,signalling_error,low,2.5,False
2025-03-30,TS-025,coupling_issue,low,3.8,False
2025-03-30,TS-006,telecom_down,medium,5.7,False
2025-03-30,TS-022,power_supply_issue,low,1.8,False
2025-03-30,TS-018,telecom_down,low,2.0,False
2025-03-31,TS-018,brake_fault,medium,5.3,False
2025-03-31,TS-010,brake_fault,low,2.9,False
2025-03-31,TS-006,brake_fault,high,22.2,True
2025-03-31,TS-003,door_malfunction,medium,6.0,False
2025-04-01,TS-014,power_supply_issue,low,3.8,False
2025-04-01,TS-024,pantograph_fault,critical,33.8,True
2025-04-01,TS-001,pantograph_fault,low,2.1,False
2025-04-01,TS-022,telecom_down,low,3.1,False
2025-04-01,TS-014,telecom_down,high,45.8,True
2025-04-02,TS-008,door_malfunction,medium,10.8,False
2025-04-02,TS-001,pantograph_fault,medium,7.6,False
2025-04-03,TS-006,power_supply_issue,low,1.8,False
2025-04-03,TS-017,pantograph_fault,high,44.7,True
2025-04-03,TS-007,coupling_issue,high,33.0,False
2025-04-03,TS-003,brake_fault,low,2.7,False
2025-04-04,TS-022,door_malfunction,low,2.7,False
2025-04-04,TS-010,door_malfunction,high,28.6,False
2025-04-04,TS-001,door_malfunction,medium,9.3,False
2025-04-04,TS-012,telecom_down,low,3.7,False
2025-04-04,TS-007,signalling_error,medium,2.7,False
2025-04-05,TS-021,door_malfunction,medium,7.1,False
2025-04-05,TS-021,brake_fault,high,43.0,True
2025-04-06,TS-011,door_malfunction,high,23.0,False
2025-04-06,TS-008,door_malfunction,high,34.3,True
2025-04-06,TS-019,coupling_issue,low,0.5,False
2025-04-06,TS-016,power_supply_issue,low,0.9,False
2025-04-06,TS-004,door_malfunction,critical,59.1,False
2025-04-07,TS-012,hvac_failure,medium,2.7,False
2025-04-07,TS-016,telecom_down,high,29.7,False
2025-04-07,TS-003,signalling_error,critical,57.8,False
2025-04-07,TS-018,coupling_issue,low,3.4,False
2025-04-08,TS-016,coupling_issue,high,19.4,False
2025-04-08,TS-015,power_supply_issue,high,19.1,True
2025-04-08,TS-015,pantograph_fault,medium,3.9,False
2025-04-08,TS-013,pantograph_fault,medium,3.1,False
2025-04-08,TS-009,pantograph_fault,low,1.6,False
2025-04-08,TS-025,pantograph_fault,medium,8.9,False
2025-04-08,TS-020,door_malfunction,medium,10.1,False
2025-04-09,TS-019,hvac_failure,medium,10.7,False
2025-04-09,TS-022,pantograph_fault,medium,9.1,False
2025-04-09,TS-021,coupling_issue,low,2.5,False
2025-04-09,TS-002,hvac_failure,high,40.1,False
2025-04-09,TS-020,hvac_failure,low,0.6,False
2025-04-09,TS-005,brake_fault,high,34.6,True
2025-04-10,TS-015,power_supply_issue,medium,10.5,False
2025-04-10,TS-001,power_supply_issue,medium,9.3,False
2025-04-10,TS-005,power_supply_issue,high,17.0,True
2025-04-10,TS-020,hvac_failure,low,1.3,False
2025-04-10,TS-001,power_supply_issue,low,2.9,False
2025-04-10,TS-005,hvac_failure,medium,9.0,False
2025-04-11,TS-004,hvac_failure,medium,3.7,False
2025-04-11,TS-020,telecom_down,low,1.1,False
2025-04-11,TS-021,pantograph_fault,low,2.1,False
2025-04-11,TS-018,signalling_error,critical,31.1,True
2025-04-11,TS-004,door_malfunction,low,3.9,False
2025-04-11,TS-019,signalling_error,low,2.7,False
2025-04-11,TS-005,power_supply_issue,medium,8.0,False
2025-04-11,TS-004,door_malfunction,low,2.0,False
2025-04-12,TS-014,door_malfunction,high,15.2,True
2025-04-12,TS-019,signalling_error,high,21.9,True
2025-04-12,TS-018,telecom_down,medium,8.7,False
2025-04-12,TS-008,hvac_failure,critical,101.1,True
2025-04-12,TS-008,hvac_failure,critical,97.9,False
2025-04-13,TS-014,power_supply_issue,critical,67.8,True
2025-04-13,TS-002,pantograph_fault,high,21.5,True
2025-04-13,TS-010,coupling_issue,high,23.2,True
2025-04-13,TS-004,pantograph_fault,low,2.4,False
2025-04-13,TS-014,hvac_failure,critical,86.5,False
2025-04-13,TS-004,telecom_down,medium,9.6,False
2025-04-13,TS-012,pantograph_fault,critical,81.8,True
2025-04-13,TS-011,coupling_issue,high,28.2,True
2025-04-14,TS-003,coupling_issue,critical,63.7,True
2025-04-14,TS-019,pantograph_fault,low,3.3,False
2025-04-15,TS-008,door_malfunction,low,0.6,False
2025-04-15,TS-024,signalling_error,low,0.7,False
2025-04-15,TS-021,signalling_error,low,3.3,False
2025-04-15,TS-016,coupling_issue,medium,5.6,False
2025-04-15,TS-020,power_supply_issue,low,1.6,False
2025-04-15,TS-003,pantograph_fault,critical,67.9,True
2025-04-16,TS-002,telecom_down,high,20.9,True
2025-04-16,TS-006,pantograph_fault,low,1.2,False
2025-04-16,TS-001,signalling_error,low,2.9,False
2025-04-16,TS-021,brake_fault,low,2.8,False
2025-04-16,TS-014,hvac_failure,low,2.7,False
2025-04-16,TS-019,coupling_issue,low,3.2,False
2025-04-16,TS-025,door_malfunction,low,1.6,False
2025-04-16,TS-005,pantograph_fault,medium,4.6,False
2025-04-17,TS-005,signalling_error,medium,4.8,False
2025-04-17,TS-005,pantograph_fault,critical,94.6,False
2025-04-17,TS-021,coupling_issue,high,38.2,False
2025-04-17,TS-025,hvac_failure,medium,4.9,False
2025-04-17,TS-004,signalling_error,low,2.9,False
2025-04-17,TS-004,signalling_error,low,3.5,False
2025-04-18,TS-004,hvac_failure,low,2.4,False
2025-04-18,TS-025,telecom_down,low,3.1,False
2025-04-18,TS-024,door_malfunction,medium,5.5,False
2025-04-18,TS-006,door_malfunction,medium,9.8,False
2025-04-18,TS-025,hvac_failure,high,40.6,False
2025-04-18,TS-002,hvac_failure,low,2.2,False
2025-04-18,TS-012,coupling_issue,low,2.4,False
2025-04-19,TS-015,pantograph_fault,low,2.8,False
2025-04-19,TS-002,pantograph_fault,high,21.9,False
2025-04-19,TS-013,power_supply_issue,low,0.9,False
2025-04-19,TS-011,pantograph_fault,medium,11.6,False
2025-04-19,TS-023,coupling_issue,low,1.5,False
2025-04-20,TS-002,power_supply_issue,high,43.9,True
2025-04-20,TS-009,brake_fault,medium,6.5,False
2025-04-20,TS-004,pantograph_fault,critical,25.5,True
2025-04-20,TS-025,hvac_failure,medium,2.1,False
2025-04-20,TS-007,hvac_failure,medium,8.8,False
2025-04-21,TS-025,signalling_error,low,2.3,False
2025-04-21,TS-011,telecom_down,high,8.2,True
2025-04-22,TS-010,telecom_down,low,3.2,False
2025-04-22,TS-006,telecom_down,low,1.8,False
2025-04-22,TS-002,coupling_issue,high,34.9,False
2025-04-23,TS-003,pantograph_fault,medium,11.4,False
2025-04-23,TS-003,hvac_failure,low,3.2,False
2025-04-23,TS-023,signalling_error,low,3.2,False
2025-04-23,TS-014,signalling_error,low,2.3,False
2025-04-23,TS-010,power_supply_issue,critical,113.0,True
2025-04-24,TS-012,hvac_failure,medium,11.2,False
2025-04-24,TS-012,brake_fault,medium,5.8,False
2025-04-24,TS-014,power_supply_issue,low,1.9,False
2025-04-24,TS-017,hvac_failure,low,2.7,False
2025-04-24,TS-020,telecom_down,medium,10.0,False
2025-04-25,TS-021,hvac_failure,medium,11.2,False
2025-04-25,TS-023,telecom_down,medium,6.6,False
2025-04-25,TS-015,brake_fault,medium,6.2,False
2025-04-25,TS-024,pantograph_fault,low,2.1,False
2025-04-25,TS-006,door_malfunction,low,3.6,False
2025-04-25,TS-006,pantograph_fault,high,29.5,False
2025-04-25,TS-001,door_malfunction,low,2.9,False
2025-04-26,TS-007,door_malfunction,low,2.7,False
2025-04-26,TS-006,hvac_failure,low,0.8,False
2025-04-27,TS-008,door_malfunction,medium,9.8,False
2025-04-27,TS-003,telecom_down,low,3.9,False
2025-04-27,TS-002,signalling_error,medium,7.3,False
2025-04-28,TS-004,door_malfunction,medium,3.7,False
2025-04-28,TS-016,power_supply_issue,medium,5.3,False
2025-04-28,TS-006,door_malfunction,low,1.9,False
2025-04-28,TS-013,hvac_failure,high,45.3,False
2025-04-28,TS-007,signalling_error,low,2.8,False
2025-04-28,TS-018,hvac_failure,high,9.8,False
2025-04-29,TS-023,power_supply_issue,high,11.3,False
2025-04-29,TS-020,coupling_issue,low,2.9,False
2025-04-29,TS-024,coupling_issue,medium,7.9,False
2025-04-30,TS-005,power_supply_issue,low,1.2,False
2025-04-30,TS-022,pantograph_fault,medium,11.0,False
2025-04-30,TS-001,brake_fault,medium,3.6,False
2025-05-01,TS-004,coupling_issue,medium,10.5,False
2025-05-01,TS-023,coupling_issue,critical,86.8,True
2025-05-01,TS-003,signalling_error,medium,11.2,False
2025-05-01,TS-023,signalling_error,medium,11.1,False
2025-05-01,TS-003,pantograph_fault,high,33.8,False
2025-05-01,TS-006,hvac_failure,medium,7.1,False
2025-05-02,TS-023,pantograph_fault,critical,38.6,True
2025-05-02,TS-021,coupling_issue,medium,6.7,False
2025-05-02,TS-021,telecom_down,critical,65.6,True
2025-05-02,TS-012,power_supply_issue,high,34.4,True
2025-05-02,TS-019,telecom_down,high,8.4,True
2025-05-02,TS-020,signalling_error,medium,6.2,False
2025-05-02,TS-014,coupling_issue,low,3.2,False
2025-05-03,TS-023,coupling_issue,critical,110.8,True
2025-05-03,TS-015,door_malfunction,medium,11.6,False
2025-05-03,TS-025,door_malfunction,critical,34.1,True
2025-05-03,TS-002,hvac_failure,critical,74.7,False
2025-05-03,TS-005,coupling_issue,low,3.7,False
2025-05-03,TS-012,power_supply_issue,high,14.0,False
2025-05-03,TS-020,pantograph_fault,critical,45.7,False
2025-05-04,TS-020,power_supply_issue,low,3.5,False
2025-05-04,TS-008,telecom_down,low,3.7,False
2025-05-04,TS-007,brake_fault,low,1.2,False
2025-05-04,TS-001,door_malfunction,critical,111.7,True
2025-05-04,TS-025,pantograph_fault,high,28.8,False
2025-05-04,TS-013,signalling_error,medium,5.6,False
2025-05-04,TS-011,signalling_error,low,1.6,False
2025-05-04,TS-009,coupling_issue,high,41.1,True
2025-05-05,TS-003,coupling_issue,critical,54.5,False
2025-05-05,TS-007,hvac_failure,medium,6.6,False
2025-05-05,TS-016,power_supply_issue,low,3.3,False
2025-05-05,TS-018,brake_fault,low,3.5,False
2025-05-05,TS-006,door_malfunction,medium,7.2,False
2025-05-05,TS-013,hvac_failure,medium,5.0,False
2025-05-06,TS-023,pantograph_fault,high,47.2,True
2025-05-06,TS-008,coupling_issue,high,27.9,False
2025-05-06,TS-004,signalling_error,high,11.9,False
2025-05-07,TS-018,brake_fault,high,37.3,False
2025-05-07,TS-013,power_supply_issue,low,0.9,False
2025-05-07,TS-004,signalling_error,high,42.9,True
2025-05-07,TS-020,door_malfunction,low,2.5,False
2025-05-07,TS-008,brake_fault,critical,65.3,False
2025-05-07,TS-010,pantograph_fault,low,1.7,False
2025-05-07,TS-021,brake_fault,high,16.7,True
2025-05-07,TS-012,telecom_down,low,2.2,False
2025-05-08,TS-011,signalling_error,low,3.6,False
2025-05-08,TS-025,hvac_failure,low,1.7,False
2025-05-08,TS-003,telecom_down,medium,5.2,False
2025-05-08,TS-011,pantograph_fault,high,10.2,False
2025-05-08,TS-003,pantograph_fault,medium,4.5,False
2025-05-09,TS-024,pantograph_fault,high,34.6,True
2025-05-09,TS-021,telecom_down,low,1.3,False
2025-05-09,TS-014,door_malfunction,low,0.8,False
2025-05-10,TS-025,door_malfunction,low,1.2,False
2025-05-10,TS-017,hvac_failure,high,11.1,False
2025-05-10,TS-008,coupling_issue,medium,11.7,False
2025-05-10,TS-007,signalling_error,high,13.2,True
2025-05-10,TS-007,hvac_failure,critical,107.5,True
2025-05-10,TS-014,hvac_failure,high,44.6,True
2025-05-10,TS-017,pantograph_fault,medium,9.2,False
2025-05-11,TS-004,signalling_error,critical,59.2,True
2025-05-11,TS-004,pantograph_fault,low,2.2,False
2025-05-11,TS-005,brake_fault,low,3.9,False
2025-05-12,TS-005,brake_fault,high,10.2,True
2025-05-12,TS-003,telecom_down,critical,59.9,True
2025-05-12,TS-003,brake_fault,high,28.6,True
2025-05-12,TS-006,brake_fault,low,3.5,False
2025-05-12,TS-014,hvac_failure,low,3.7,False
2025-05-12,TS-011,coupling_issue,low,1.4,False
2025-05-12,TS-009,signalling_error,low,3.1,False
2025-05-13,TS-007,pantograph_fault,critical,92.2,True
2025-05-13,TS-001,power_supply_issue,critical,36.4,False
2025-05-13,TS-002,hvac_failure,high,9.8,True
2025-05-13,TS-025,pantograph_fault,critical,44.7,True
2025-05-13,TS-007,signalling_error,low,1.2,False
2025-05-13,TS-008,door_malfunction,critical,48.3,False
2025-05-13,TS-002,coupling_issue,low,3.8,False
2025-05-14,TS-018,brake_fault,low,1.6,False
2025-05-14,TS-022,brake_fault,medium,4.1,False
2025-05-14,TS-007,telecom_down,medium,8.9,False
2025-05-14,TS-014,signalling_error,low,2.2,False
2025-05-15,TS-023,hvac_failure,low,1.3,False
2025-05-15,TS-015,brake_fault,high,8.6,False
2025-05-15,TS-016,power_supply_issue,low,2.8,False
2025-05-15,TS-015,signalling_error,medium,5.1,False
2025-05-15,TS-009,brake_fault,critical,66.6,True
2025-05-15,TS-015,coupling_issue,low,0.8,False
2025-05-15,TS-020,hvac_failure,medium,6.7,False
2025-05-15,TS-024,signalling_error,high,40.8,True
2025-05-16,TS-022,door_malfunction,low,1.2,False
2025-05-16,TS-004,signalling_error,high,38.0,True
2025-05-16,TS-010,coupling_issue,low,3.7,False
2025-05-16,TS-010,brake_fault,high,25.8,True
2025-05-16,TS-002,brake_fault,medium,11.8,False
2025-05-16,TS-020,brake_fault,high,9.8,False
2025-05-16,TS-014,pantograph_fault,high,17.3,True
2025-05-17,TS-004,coupling_issue,medium,4.1,False
2025-05-17,TS-012,telecom_down,low,2.0,False
2025-05-17,TS-022,coupling_issue,medium,2.6,False
2025-05-17,TS-019,brake_fault,critical,115.4,False
2025-05-18,TS-007,telecom_down,low,0.9,False
2025-05-18,TS-008,signalling_error,low,1.0,False
2025-05-18,TS-002,coupling_issue,medium,7.7,False
2025-05-18,TS-016,signalling_error,low,0.9,False
2025-05-19,TS-006,coupling_issue,medium,4.2,False
2025-05-19,TS-009,signalling_error,medium,11.0,False
2025-05-19,TS-009,telecom_down,low,3.0,False
2025-05-19,TS-009,brake_fault,low,1.2,False
2025-05-20,TS-017,brake_fault,medium,2.1,False
2025-05-20,TS-024,door_malfunction,high,9.7,False
2025-05-20,TS-012,brake_fault,high,16.1,False
2025-05-20,TS-016,power_supply_issue,high,22.0,True
2025-05-20,TS-016,power_supply_issue,low,3.9,False
2025-05-21,TS-011,hvac_failure,high,35.4,False
2025-05-21,TS-001,coupling_issue,high,9.1,True
2025-05-21,TS-009,hvac_failure,low,1.8,False
2025-05-21,TS-002,signalling_error,high,22.7,False
2025-05-21,TS-009,signalling_error,low,1.5,False
2025-05-22,TS-025,brake_fault,high,26.5,True
2025-05-22,TS-006,brake_fault,medium,2.6,False
2025-05-22,TS-024,hvac_failure,low,0.5,False
2025-05-23,TS-023,signalling_error,medium,8.3,False
2025-05-23,TS-007,telecom_down,high,15.2,False
2025-05-23,TS-010,pantograph_fault,low,1.1,False
2025-05-23,TS-014,signalling_error,medium,7.6,False
2025-05-24,TS-006,signalling_error,low,1.6,False
2025-05-24,TS-002,telecom_down,low,3.4,False
2025-05-24,TS-016,hvac_failure,medium,3.5,False
2025-05-25,TS-021,signalling_error,low,2.5,False
2025-05-25,TS-013,pantograph_fault,medium,7.5,False
2025-05-25,TS-023,hvac_failure,high,43.5,False
2025-05-25,TS-020,door_malfunction,low,3.4,False
2025-05-26,TS-002,telecom_down,low,2.4,False
2025-05-26,TS-005,door_malfunction,medium,5.5,False
2025-05-26,TS-005,pantograph_fault,low,0.8,False
2025-05-27,TS-023,brake_fault,medium,2.1,False
2025-05-27,TS-003,power_supply_issue,low,3.8,False
2025-05-27,TS-017,brake_fault,medium,3.0,False
2025-05-27,TS-017,brake_fault,low,1.9,False
2025-05-28,TS-016,pantograph_fault,high,23.6,True
2025-05-28,TS-004,power_supply_issue,medium,9.0,False
2025-05-29,TS-012,door_malfunction,high,27.9,True
2025-05-29,TS-012,telecom_down,low,1.3,False
2025-05-29,TS-019,hvac_failure,high,15.9,True
2025-05-29,TS-021,coupling_issue,low,3.4,False
2025-05-29,TS-003,door_malfunction,high,20.1,True
2025-05-30,TS-007,brake_fault,high,36.3,True
2025-05-30,TS-011,signalling_error,high,8.9,False
2025-05-30,TS-007,brake_fault,high,17.9,True
2025-05-30,TS-005,telecom_down,medium,2.4,False
2025-05-30,TS-006,power_supply_issue,medium,10.2,False
2025-05-30,TS-004,signalling_error,critical,88.4,True
2025-05-31,TS-004,pantograph_fault,high,24.8,True
2025-05-31,TS-015,brake_fault,low,0.7,False
2025-05-31,TS-015,hvac_failure,high,27.7,False
2025-06-01,TS-002,door_malfunction,medium,4.0,False
2025-06-01,TS-020,hvac_failure,low,1.8,False
2025-06-02,TS-003,brake_fault,critical,82.4,False
2025-06-02,TS-014,telecom_down,medium,6.0,False
2025-06-02,TS-012,telecom_down,medium,4.9,False
2025-06-03,TS-013,signalling_error,medium,6.0,False
2025-06-03,TS-014,signalling_error,high,11.2,True
2025-06-04,TS-019,power_supply_issue,low,2.2,False
2025-06-04,TS-024,hvac_failure,medium,5.2,False
2025-06-04,TS-002,coupling_issue,medium,9.5,False
2025-06-04,TS-025,door_malfunction,medium,3.1,False
2025-06-04,TS-009,pantograph_fault,medium,7.2,False
2025-06-04,TS-001,signalling_error,medium,7.2,False
2025-06-05,TS-019,power_supply_issue,high,24.1,True
2025-06-05,TS-017,brake_fault,critical,74.9,False
2025-06-05,TS-014,door_malfunction,low,2.6,False
2025-06-05,TS-013,brake_fault,medium,4.1,False
2025-06-05,TS-009,signalling_error,low,3.8,False
2025-06-06,TS-018,brake_fault,medium,7.3,False
2025-06-06,TS-016,pantograph_fault,medium,3.1,False
2025-06-06,TS-014,coupling_issue,medium,8.3,False
2025-06-06,TS-009,door_malfunction,medium,7.1,False
2025-06-06,TS-002,signalling_error,low,1.8,False
2025-06-07,TS-009,signalling_error,medium,6.5,False
2025-06-07,TS-002,power_supply_issue,high,43.8,True
2025-06-07,TS-004,coupling_issue,low,1.3,False
2025-06-07,TS-018,coupling_issue,low,2.1,False
2025-06-07,TS-018,signalling_error,low,2.0,False
2025-06-08,TS-011,hvac_failure,low,0.6,False
2025-06-08,TS-024,hvac_failure,low,1.3,False
2025-06-09,TS-025,telecom_down,critical,37.1,True
2025-06-09,TS-001,signalling_error,medium,9.0,False
2025-06-09,TS-018,hvac_failure,critical,30.5,False
2025-06-09,TS-012,pantograph_fault,high,11.6,False
2025-06-09,TS-006,brake_fault,low,0.9,False
2025-06-09,TS-018,telecom_down,high,22.8,False
2025-06-10,TS-001,telecom_down,high,28.6,False
2025-06-10,TS-008,door_malfunction,low,2.3,False
2025-06-11,TS-022,coupling_issue,critical,88.7,True
2025-06-11,TS-004,door_malfunction,critical,71.0,False
2025-06-11,TS-006,signalling_error,low,3.0,False
2025-06-11,TS-020,hvac_failure,low,3.7,False
2025-06-11,TS-019,door_malfunction,high,28.3,True
2025-06-12,TS-007,pantograph_fault,low,2.5,False
2025-06-12,TS-019,pantograph_fault,high,22.7,True
2025-06-12,TS-008,door_malfunction,medium,11.2,False
2025-06-13,TS-005,pantograph_fault,low,2.5,False
2025-06-13,TS-019,hvac_failure,low,2.6,False
2025-06-14,TS-011,hvac_failure,low,2.9,False
2025-06-14,TS-024,signalling_error,low,1.4,False
2025-06-14,TS-004,hvac_failure,medium,2.4,False
2025-06-14,TS-003,telecom_down,low,2.5,False
2025-06-14,TS-002,coupling_issue,medium,6.6,False
2025-06-14,TS-012,power_supply_issue,high,19.8,True
2025-06-15,TS-006,coupling_issue,low,3.6,False
2025-06-15,TS-020,power_supply_issue,low,3.7,False
2025-06-15,TS-013,signalling_error,low,0.5,False
2025-06-15,TS-009,pantograph_fault,medium,6.3,False
2025-06-16,TS-012,brake_fault,medium,4.3,False
2025-06-16,TS-010,power_supply_issue,medium,8.0,False
2025-06-16,TS-025,pantograph_fault,low,1.2,False
2025-06-16,TS-021,telecom_down,low,2.9,False
2025-06-16,TS-011,pantograph_fault,critical,39.7,False
2025-06-16,TS-002,telecom_down,high,27.1,False
2025-06-16,TS-023,pantograph_fault,high,12.8,True
2025-06-17,TS-021,telecom_down,critical,109.0,True
2025-06-17,TS-003,pantograph_fault,low,2.6,False
2025-06-17,TS-016,telecom_down,critical,84.6,True
2025-06-17,TS-014,pantograph_fault,critical,29.4,True
2025-06-17,TS-023,pantograph_fault,high,16.5,True
2025-06-17,TS-002,telecom_down,medium,8.4,False
2025-06-17,TS-005,door_malfunction,low,2.1,False
2025-06-18,TS-016,telecom_down,high,48.0,True
2025-06-18,TS-013,door_malfunction,medium,9.3,False
2025-06-18,TS-021,telecom_down,medium,7.4,False
2025-06-18,TS-023,brake_fault,high,19.5,False
2025-06-18,TS-021,pantograph_fault,low,2.7,False
2025-06-18,TS-010,hvac_failure,medium,2.2,False
2025-06-18,TS-022,hvac_failure,medium,11.4,False
2025-06-18,TS-011,door_malfunction,medium,4.5,False
2025-06-19,TS-007,coupling_issue,low,0.5,False
2025-06-19,TS-005,telecom_down,low,1.4,False
2025-06-19,TS-014,brake_fault,medium,3.2,False
2025-06-19,TS-016,power_supply_issue,low,0.8,False
2025-06-19,TS-025,brake_fault,medium,4.9,False
2025-06-20,TS-019,hvac_failure,medium,11.3,False
2025-06-20,TS-001,signalling_error,low,2.2,False
2025-06-20,TS-007,power_supply_issue,critical,61.4,True
2025-06-20,TS-020,telecom_down,medium,2.5,False
2025-06-20,TS-024,coupling_issue,low,3.2,False
2025-06-20,TS-002,door_malfunction,low,0.5,False
2025-06-21,TS-011,signalling_error,medium,4.1,False
2025-06-21,TS-002,power_supply_issue,low,1.2,False
2025-06-21,TS-020,hvac_failure,high,44.4,True
2025-06-21,TS-024,telecom_down,low,1.3,False
2025-06-22,TS-018,brake_fault,medium,8.8,False
2025-06-22,TS-015,signalling_error,low,2.9,False
2025-06-22,TS-006,hvac_failure,low,3.4,False
2025-06-22,TS-009,telecom_down,medium,9.7,False
2025-06-22,TS-013,telecom_down,low,1.4,False
2025-06-22,TS-015,power_supply_issue,low,2.2,False
2025-06-23,TS-005,brake_fault,medium,3.9,False
2025-06-23,TS-010,telecom_down,critical,36.9,False
2025-06-23,TS-017,brake_fault,high,12.7,True
2025-06-23,TS-011,pantograph_fault,low,0.7,False
2025-06-23,TS-024,brake_fault,high,38.6,False
2025-06-23,TS-018,telecom_down,low,2.8,False
2025-06-23,TS-025,coupling_issue,high,39.6,True
2025-06-23,TS-005,door_malfunction,high,45.5,True
2025-06-24,TS-017,brake_fault,low,1.5,False
2025-06-24,TS-021,door_malfunction,low,0.6,False
2025-06-24,TS-011,door_malfunction,high,34.4,True
2025-06-24,TS-011,pantograph_fault,low,3.0,False
2025-06-24,TS-021,pantograph_fault,medium,3.6,False
2025-06-25,TS-016,pantograph_fault,medium,11.1,False
2025-06-25,TS-023,brake_fault,low,2.1,False
2025-06-25,TS-019,power_supply_issue,high,15.8,True
2025-06-25,TS-001,brake_fault,high,30.6,True
2025-06-25,TS-008,door_malfunction,low,1.6,False
2025-06-25,TS-012,telecom_down,low,3.5,False
2025-06-25,TS-009,signalling_error,medium,8.1,False
2025-06-25,TS-011,coupling_issue,low,1.2,False
2025-06-26,TS-005,brake_fault,low,1.2,False
2025-06-26,TS-007,pantograph_fault,low,2.4,False
2025-06-26,TS-012,telecom_down,low,3.2,False
2025-06-26,TS-014,power_supply_issue,medium,2.2,False
2025-06-26,TS-011,power_supply_issue,low,1.2,False
2025-06-26,TS-023,signalling_error,low,2.2,False
2025-06-27,TS-010,pantograph_fault,low,2.6,False
2025-06-27,TS-022,signalling_error,medium,4.7,False
2025-06-27,TS-023,signalling_error,high,12.0,True
2025-06-27,TS-014,coupling_issue,high,33.9,True
2025-06-27,TS-018,coupling_issue,high,46.2,False
2025-06-27,TS-018,signalling_error,low,1.9,False
2025-06-27,TS-006,coupling_issue,medium,10.7,False
2025-06-27,TS-015,pantograph_fault,low,1.4,False
2025-06-28,TS-019,coupling_issue,low,1.1,False
2025-06-28,TS-023,power_supply_issue,high,24.9,True
2025-06-28,TS-003,brake_fault,high,39.1,True
2025-06-28,TS-010,coupling_issue,low,3.8,False
2025-06-28,TS-008,door_malfunction,critical,98.9,True
2025-06-29,TS-017,coupling_issue,low,3.4,False
2025-06-29,TS-002,brake_fault,high,23.0,False
2025-06-29,TS-022,door_malfunction,high,22.5,False
2025-06-29,TS-013,hvac_failure,medium,11.1,False
2025-06-29,TS-024,pantograph_fault,medium,7.1,False
2025-06-29,TS-016,door_malfunction,low,2.7,False
2025-06-29,TS-017,telecom_down,high,43.0,False
2025-06-30,TS-007,telecom_down,high,41.9,True
2025-06-30,TS-014,door_malfunction,low,1.3,False
2025-06-30,TS-024,door_malfunction,high,29.2,True
2025-06-30,TS-019,power_supply_issue,low,3.4,False
2025-06-30,TS-001,telecom_down,high,40.5,True
2025-06-30,TS-010,pantograph_fault,low,2.5,False
2025-06-30,TS-014,signalling_error,low,0.6,False
2025-06-30,TS-006,hvac_failure,medium,10.0,False
2025-07-01,TS-018,brake_fault,low,3.8,False
2025-07-01,TS-002,hvac_failure,medium,10.2,False
2025-07-02,TS-005,pantograph_fault,low,3.8,False
2025-07-02,TS-005,coupling_issue,medium,8.1,False
2025-07-03,TS-019,telecom_down,medium,4.0,False
2025-07-03,TS-012,signalling_error,medium,7.6,False
2025-07-03,TS-007,hvac_failure,medium,10.6,False
2025-07-03,TS-014,brake_fault,low,0.8,False
2025-07-04,TS-023,signalling_error,low,3.7,False
2025-07-04,TS-020,pantograph_fault,low,2.1,False
2025-07-04,TS-016,signalling_error,medium,6.8,False
2025-07-04,TS-020,power_supply_issue,low,2.3,False
2025-07-04,TS-016,signalling_error,medium,10.5,False
2025-07-04,TS-012,door_malfunction,medium,6.5,False
2025-07-04,TS-017,coupling_issue,critical,28.7,True
2025-07-04,TS-018,brake_fault,low,3.0,False
2025-07-05,TS-020,power_supply_issue,critical,61.3,False
2025-07-05,TS-014,pantograph_fault,low,3.3,False
2025-07-05,TS-001,brake_fault,low,1.6,False
2025-07-05,TS-021,power_supply_issue,low,3.1,False
2025-07-05,TS-013,brake_fault,low,2.0,False
2025-07-05,TS-018,brake_fault,high,33.5,True
2025-07-06,TS-011,brake_fault,low,3.6,False
2025-07-06,TS-021,door_malfunction,medium,7.6,False
2025-07-06,TS-024,telecom_down,medium,10.8,False
2025-07-06,TS-017,brake_fault,medium,10.1,False
2025-07-07,TS-017,coupling_issue,high,13.9,True
2025-07-07,TS-010,coupling_issue,high,9.3,True
2025-07-07,TS-018,power_supply_issue,low,3.6,False
2025-07-07,TS-011,brake_fault,low,2.7,False
2025-07-07,TS-007,power_supply_issue,low,1.6,False
2025-07-08,TS-011,coupling_issue,low,3.4,False
2025-07-08,TS-025,coupling_issue,medium,2.8,False
2025-07-08,TS-022,power_supply_issue,critical,29.3,False
2025-07-08,TS-011,power_supply_issue,low,2.2,False
2025-07-08,TS-014,power_supply_issue,low,1.1,False
2025-07-08,TS-014,coupling_issue,critical,110.8,False
2025-07-08,TS-002,signalling_error,medium,7.8,False
2025-07-09,TS-006,pantograph_fault,medium,6.1,False
2025-07-09,TS-003,hvac_failure,high,37.3,True
2025-07-10,TS-002,brake_fault,low,0.5,False
2025-07-10,TS-012,power_supply_issue,medium,9.9,False
2025-07-10,TS-025,coupling_issue,low,1.4,False
2025-07-10,TS-009,door_malfunction,medium,10.2,False
2025-07-10,TS-005,hvac_failure,high,12.2,False
2025-07-11,TS-003,telecom_down,critical,51.5,False
2025-07-11,TS-006,signalling_error,low,3.3,False
2025-07-12,TS-016,signalling_error,low,3.7,False
2025-07-12,TS-012,door_malfunction,medium,7.2,False
2025-07-12,TS-002,door_malfunction,low,1.0,False
2025-07-13,TS-004,power_supply_issue,medium,4.7,False
2025-07-13,TS-011,telecom_down,low,2.2,False
2025-07-13,TS-006,pantograph_fault,high,14.8,True
2025-07-13,TS-015,coupling_issue,critical,84.7,True
2025-07-13,TS-018,brake_fault,medium,9.5,False
2025-07-13,TS-006,power_supply_issue,high,22.8,True
2025-07-14,TS-022,signalling_error,high,36.8,False
2025-07-14,TS-024,signalling_error,critical,65.6,False
2025-07-14,TS-004,hvac_failure,medium,10.5,False
2025-07-14,TS-006,signalling_error,critical,87.6,True
2025-07-14,TS-009,power_supply_issue,low,2.9,False
2025-07-14,TS-005,telecom_down,critical,78.4,False
2025-07-15,TS-021,brake_fault,critical,87.5,False
2025-07-15,TS-012,telecom_down,high,14.5,True
2025-07-15,TS-004,signalling_error,medium,11.1,False
2025-07-15,TS-012,coupling_issue,medium,7.8,False
2025-07-16,TS-008,signalling_error,high,27.8,True
2025-07-16,TS-016,coupling_issue,low,3.9,False
2025-07-16,TS-014,power_supply_issue,high,12.3,True
2025-07-16,TS-004,pantograph_fault,low,3.5,False
2025-07-16,TS-007,coupling_issue,medium,9.2,False
2025-07-16,TS-002,signalling_error,medium,4.8,False
2025-07-16,TS-015,telecom_down,high,16.0,False
2025-07-17,TS-015,pantograph_fault,medium,9.8,False
2025-07-17,TS-002,signalling_error,low,1.5,False
2025-07-17,TS-010,telecom_down,low,3.6,False
2025-07-17,TS-016,signalling_error,low,1.8,False
2025-07-17,TS-016,signalling_error,low,1.7,False
2025-07-17,TS-014,signalling_error,low,0.9,False
2025-07-18,TS-007,pantograph_fault,low,3.1,False
2025-07-18,TS-006,brake_fault,low,3.7,False
2025-07-18,TS-001,power_supply_issue,low,3.5,False
2025-07-18,TS-002,door_malfunction,medium,4.2,False
2025-07-18,TS-007,pantograph_fault,medium,3.9,False
2025-07-18,TS-023,brake_fault,low,1.0,False
2025-07-19,TS-011,pantograph_fault,medium,4.8,False
2025-07-19,TS-019,telecom_down,low,1.1,False
2025-07-19,TS-015,power_supply_issue,low,2.1,False
2025-07-20,TS-018,coupling_issue,critical,84.4,True
2025-07-20,TS-010,pantograph_fault,low,4.0,False
2025-07-20,TS-022,pantograph_fault,low,2.7,False
2025-07-21,TS-001,signalling_error,low,1.6,False
2025-07-21,TS-013,pantograph_fault,low,2.1,False
2025-07-21,TS-013,telecom_down,low,2.3,False
2025-07-22,TS-007,coupling_issue,medium,3.5,False
2025-07-22,TS-014,telecom_down,high,19.7,True
2025-07-22,TS-020,telecom_down,low,1.6,False
2025-07-22,TS-012,pantograph_fault,medium,8.8,False
2025-07-23,TS-006,hvac_failure,high,15.1,False
2025-07-23,TS-008,brake_fault,high,29.3,False
2025-07-23,TS-002,hvac_failure,low,1.3,False
2025-07-23,TS-007,power_supply_issue,medium,3.4,False
2025-07-23,TS-012,power_supply_issue,low,3.8,False
2025-07-23,TS-022,power_supply_issue,medium,6.4,False
2025-07-24,TS-015,power_supply_issue,low,3.3,False
2025-07-24,TS-012,hvac_failure,low,1.8,False
2025-07-24,TS-013,brake_fault,medium,11.7,False
2025-07-25,TS-002,door_malfunction,critical,63.3,True
2025-07-25,TS-024,telecom_down,low,2.7,False
2025-07-25,TS-006,telecom_down,low,1.2,False
2025-07-25,TS-017,coupling_issue,medium,3.5,False
2025-07-25,TS-021,coupling_issue,low,1.7,False
2025-07-25,TS-017,pantograph_fault,low,1.7,False
2025-07-25,TS-015,signalling_error,high,32.9,False
2025-07-26,TS-013,pantograph_fault,low,2.1,False
2025-07-26,TS-025,door_malfunction,low,3.0,False
2025-07-26,TS-012,brake_fault,critical,82.1,True
2025-07-26,TS-012,door_malfunction,medium,5.3,False
2025-07-27,TS-004,brake_fault,medium,4.8,False
2025-07-27,TS-012,brake_fault,low,3.8,False
2025-07-27,TS-002,hvac_failure,low,2.4,False
2025-07-27,TS-004,door_malfunction,high,39.9,True
2025-07-27,TS-017,power_supply_issue,low,2.6,False
2025-07-27,TS-009,brake_fault,medium,7.0,False
2025-07-27,TS-014,pantograph_fault,low,3.6,False
2025-07-27,TS-021,telecom_down,critical,49.9,False
2025-07-28,TS-004,hvac_failure,low,3.6,False
2025-07-28,TS-006,brake_fault,low,1.3,False
2025-07-28,TS-025,power_supply_issue,low,2.2,False
2025-07-28,TS-003,hvac_failure,low,2.7,False
2025-07-28,TS-013,coupling_issue,critical,50.4,True
2025-07-28,TS-021,hvac_failure,low,3.4,False
2025-07-28,TS-015,hvac_failure,critical,87.2,False
2025-07-28,TS-023,coupling_issue,high,16.3,True
2025-07-29,TS-002,coupling_issue,critical,102.3,False
2025-07-29,TS-006,signalling_error,high,15.5,True
2025-07-29,TS-001,power_supply_issue,medium,2.8,False
2025-07-29,TS-006,power_supply_issue,low,2.9,False
2025-07-30,TS-017,pantograph_fault,high,15.8,True
2025-07-30,TS-025,power_supply_issue,low,1.5,False
2025-07-30,TS-024,signalling_error,low,3.3,False
2025-07-30,TS-018,pantograph_fault,low,0.7,False
2025-07-30,TS-016,brake_fault,high,10.7,False
2025-07-30,TS-005,door_malfunction,low,2.3,False
2025-07-30,TS-008,hvac_failure,high,47.9,True
2025-07-30,TS-020,brake_fault,low,0.6,False
2025-07-31,TS-020,hvac_failure,low,0.6,False
2025-07-31,TS-011,coupling_issue,low,0.9,False
2025-07-31,TS-016,pantograph_fault,medium,10.0,False
2025-07-31,TS-007,signalling_error,low,3.4,False
2025-07-31,TS-001,door_malfunction,low,3.6,False
2025-07-31,TS-006,pantograph_fault,low,1.0,False
2025-07-31,TS-014,brake_fault,medium,9.5,False
2025-07-31,TS-001,hvac_failure,medium,11.9,False
2025-08-01,TS-007,door_malfunction,high,31.4,True
2025-08-01,TS-015,signalling_error,low,1.0,False
2025-08-01,TS-021,brake_fault,low,3.9,False
2025-08-01,TS-020,telecom_down,medium,8.9,False
2025-08-01,TS-011,pantograph_fault,low,2.1,False
2025-08-01,TS-024,door_malfunction,high,10.8,True
2025-08-01,TS-020,pantograph_fault,low,1.4,False
2025-08-01,TS-018,door_malfunction,medium,9.0,False
2025-08-02,TS-003,telecom_down,low,3.6,False
2025-08-02,TS-023,power_supply_issue,low,0.9,False
2025-08-02,TS-007,brake_fault,high,18.1,False
2025-08-02,TS-006,power_supply_issue,high,20.9,False
2025-08-02,TS-014,power_supply_issue,high,21.9,True
2025-08-03,TS-018,signalling_error,medium,3.3,False
2025-08-03,TS-009,signalling_error,high,40.8,True
2025-08-03,TS-006,hvac_failure,medium,7.3,False
2025-08-04,TS-012,telecom_down,high,44.6,False
2025-08-04,TS-015,power_supply_issue,critical,57.9,False
2025-08-04,TS-019,signalling_error,medium,11.1,False
2025-08-04,TS-011,brake_fault,low,1.8,False
2025-08-04,TS-004,door_malfunction,low,1.1,False
2025-08-05,TS-016,hvac_failure,medium,11.2,False
2025-08-05,TS-018,coupling_issue,medium,10.4,False
2025-08-05,TS-011,power_supply_issue,medium,5.5,False
2025-08-05,TS-011,coupling_issue,high,31.9,False
2025-08-05,TS-006,brake_fault,medium,5.8,False
2025-08-05,TS-006,hvac_failure,medium,5.3,False
2025-08-05,TS-014,power_supply_issue,low,2.7,False
2025-08-05,TS-014,door_malfunction,medium,4.8,False
2025-08-06,TS-001,pantograph_fault,medium,2.9,False
2025-08-06,TS-007,pantograph_fault,high,46.7,True
2025-08-07,TS-013,door_malfunction,critical,78.5,False
2025-08-07,TS-021,brake_fault,medium,5.1,False
2025-08-07,TS-021,hvac_failure,medium,8.1,False
2025-08-07,TS-020,telecom_down,low,1.4,False
2025-08-07,TS-007,brake_fault,critical,94.9,False
2025-08-07,TS-003,power_supply_issue,low,1.7,False
2025-08-08,TS-017,pantograph_fault,high,26.7,True
2025-08-08,TS-007,door_malfunction,medium,10.9,False
2025-08-08,TS-022,door_malfunction,high,31.7,False
2025-08-08,TS-005,coupling_issue,high,43.8,True
2025-08-09,TS-020,signalling_error,medium,3.5,False
2025-08-09,TS-005,telecom_down,low,0.5,False
2025-08-09,TS-014,pantograph_fault,low,2.1,False
2025-08-09,TS-015,coupling_issue,medium,11.6,False
2025-08-09,TS-006,brake_fault,medium,10.4,False
2025-08-09,TS-018,pantograph_fault,low,1.7,False
2025-08-09,TS-018,signalling_error,low,1.8,False
2025-08-10,TS-004,brake_fault,medium,10.4,False
2025-08-10,TS-023,signalling_error,medium,9.8,False
2025-08-10,TS-001,power_supply_issue,low,0.9,False
2025-08-10,TS-020,brake_fault,high,46.2,False
2025-08-10,TS-003,brake_fault,high,39.4,True
2025-08-10,TS-022,signalling_error,medium,11.7,False
2025-08-10,TS-009,telecom_down,critical,111.5,True
2025-08-10,TS-025,signalling_error,medium,3.1,False
2025-08-11,TS-008,pantograph_fault,medium,6.2,False
2025-08-11,TS-023,brake_fault,medium,4.9,False
2025-08-11,TS-005,telecom_down,medium,10.4,False
2025-08-11,TS-004,hvac_failure,high,23.8,True
2025-08-11,TS-004,pantograph_fault,low,2.2,False
2025-08-12,TS-025,pantograph_fault,medium,7.5,False
2025-08-12,TS-009,pantograph_fault,high,46.3,True
2025-08-12,TS-021,brake_fault,medium,6.2,False
2025-08-12,TS-012,hvac_failure,medium,4.2,False
2025-08-12,TS-005,hvac_failure,medium,5.3,False
2025-08-12,TS-001,telecom_down,medium,2.9,False
2025-08-13,TS-024,coupling_issue,medium,5.0,False
2025-08-13,TS-022,brake_fault,medium,8.2,False
2025-08-13,TS-014,brake_fault,medium,7.5,False
2025-08-13,TS-003,door_malfunction,medium,4.1,False
2025-08-13,TS-001,coupling_issue,critical,94.0,False
2025-08-13,TS-021,coupling_issue,critical,88.1,False
2025-08-14,TS-019,door_malfunction,high,9.5,True
2025-08-14,TS-019,telecom_down,medium,8.0,False
2025-08-14,TS-007,hvac_failure,low,0.9,False
2025-08-14,TS-001,door_malfunction,low,2.1,False
2025-08-15,TS-011,hvac_failure,medium,4.4,False
2025-08-15,TS-023,hvac_failure,high,10.3,False
2025-08-15,TS-014,signalling_error,medium,9.7,False
2025-08-15,TS-006,telecom_down,medium,6.3,False
2025-08-15,TS-018,brake_fault,low,1.4,False
2025-08-15,TS-023,hvac_failure,low,1.0,False
2025-08-15,TS-016,door_malfunction,low,3.6,False
2025-08-16,TS-025,door_malfunction,critical,35.2,True
2025-08-16,TS-022,hvac_failure,medium,6.9,False
2025-08-16,TS-007,power_supply_issue,medium,3.0,False
2025-08-16,TS-014,telecom_down,low,1.8,False
2025-08-16,TS-004,pantograph_fault,medium,3.7,False
2025-08-16,TS-018,door_malfunction,medium,10.9,False
2025-08-16,TS-017,brake_fault,medium,11.9,False
2025-08-16,TS-018,signalling_error,low,3.4,False
2025-08-17,TS-012,brake_fault,critical,81.4,True
2025-08-17,TS-004,brake_fault,high,27.1,False
2025-08-18,TS-006,door_malfunction,low,3.4,False
2025-08-18,TS-017,signalling_error,low,3.9,False
2025-08-18,TS-010,hvac_failure,low,1.0,False
2025-08-18,TS-019,power_supply_issue,medium,4.6,False
2025-08-18,TS-005,pantograph_fault,high,41.8,True
2025-08-19,TS-022,power_supply_issue,medium,5.1,False
2025-08-19,TS-012,door_malfunction,low,0.9,False
2025-08-19,TS-012,pantograph_fault,high,25.2,False
2025-08-19,TS-024,door_malfunction,critical,40.0,False
2025-08-19,TS-002,hvac_failure,low,0.8,False
2025-08-19,TS-017,door_malfunction,high,8.4,True
2025-08-19,TS-019,coupling_issue,high,35.3,True
2025-08-19,TS-011,coupling_issue,high,21.9,True
2025-08-20,TS-003,coupling_issue,critical,50.1,True
2025-08-20,TS-025,telecom_down,high,17.8,True
2025-08-20,TS-012,signalling_error,medium,11.4,False
2025-08-20,TS-009,door_malfunction,low,1.3,False
2025-08-20,TS-016,door_malfunction,high,16.7,True
2025-08-20,TS-022,signalling_error,low,1.7,False
2025-08-20,TS-023,hvac_failure,medium,3.5,False
2025-08-21,TS-014,pantograph_fault,high,17.6,True
2025-08-21,TS-004,telecom_down,low,3.3,False
2025-08-21,TS-013,telecom_down,critical,38.4,False
2025-08-21,TS-005,signalling_error,low,2.1,False
2025-08-21,TS-001,pantograph_fault,medium,8.5,False
2025-08-22,TS-013,coupling_issue,low,3.1,False
2025-08-22,TS-001,power_supply_issue,low,2.7,False
2025-08-22,TS-006,coupling_issue,critical,62.2,True
2025-08-22,TS-024,pantograph_fault,medium,8.9,False
2025-08-22,TS-024,hvac_failure,low,2.3,False
2025-08-22,TS-018,brake_fault,low,2.9,False
2025-08-22,TS-012,pantograph_fault,low,3.4,False
2025-08-23,TS-014,door_malfunction,medium,7.3,False
2025-08-23,TS-010,signalling_error,low,1.5,False
2025-08-23,TS-022,brake_fault,low,2.4,False
2025-08-23,TS-017,pantograph_fault,low,4.0,False
2025-08-23,TS-024,brake_fault,low,1.0,False
2025-08-23,TS-003,brake_fault,low,2.3,False
2025-08-23,TS-001,signalling_error,high,25.6,True
2025-08-24,TS-015,coupling_issue,low,1.9,False
2025-08-24,TS-002,telecom_down,low,1.3,False
2025-08-24,TS-018,power_supply_issue,low,2.9,False
2025-08-24,TS-009,brake_fault,medium,6.9,False
2025-08-24,TS-001,brake_fault,high,12.1,True
2025-08-25,TS-013,pantograph_fault,medium,6.2,False
2025-08-25,TS-021,signalling_error,medium,3.1,False
2025-08-25,TS-019,brake_fault,medium,9.3,False
2025-08-25,TS-016,signalling_error,low,1.4,False
2025-08-25,TS-023,coupling_issue,medium,8.3,False
2025-08-26,TS-013,coupling_issue,low,3.0,False
2025-08-26,TS-013,brake_fault,high,17.1,False
2025-08-26,TS-010,pantograph_fault,medium,10.0,False
2025-08-26,TS-019,brake_fault,high,25.8,False
2025-08-26,TS-004,coupling_issue,low,3.3,False
2025-08-26,TS-011,coupling_issue,critical,67.3,False
2025-08-26,TS-018,hvac_failure,high,33.7,False
2025-08-26,TS-006,brake_fault,low,2.2,False
2025-08-27,TS-003,signalling_error,high,40.4,True
2025-08-27,TS-018,hvac_failure,medium,9.0,False
2025-08-28,TS-018,door_malfunction,low,1.8,False
2025-08-28,TS-004,signalling_error,medium,4.1,False
2025-08-28,TS-013,power_supply_issue,medium,5.4,False
2025-08-28,TS-009,telecom_down,high,29.7,True
2025-08-28,TS-022,brake_fault,low,0.5,False
2025-08-28,TS-015,signalling_error,medium,8.5,False
2025-08-28,TS-023,power_supply_issue,low,2.7,False
2025-08-28,TS-003,signalling_error,low,2.6,False
2025-08-29,TS-016,signalling_error,low,0.6,False
2025-08-29,TS-015,door_malfunction,medium,3.2,False
2025-08-29,TS-024,power_supply_issue,medium,9.6,False
2025-08-29,TS-009,brake_fault,high,47.0,True
2025-08-29,TS-002,telecom_down,low,3.2,False
2025-08-30,TS-018,hvac_failure,medium,7.8,False
2025-08-30,TS-019,telecom_down,low,3.7,False
2025-08-30,TS-021,telecom_down,low,1.4,False
2025-08-30,TS-012,brake_fault,low,0.7,False
2025-08-30,TS-014,pantograph_fault,medium,7.9,False
2025-08-30,TS-019,pantograph_fault,medium,9.8,False
2025-08-30,TS-008,telecom_down,medium,8.9,False
2025-08-30,TS-018,coupling_issue,critical,92.2,False
2025-08-31,TS-017,brake_fault,high,23.3,False
2025-08-31,TS-023,power_supply_issue,critical,50.0,True
2025-08-31,TS-009,brake_fault,medium,4.9,False
2025-08-31,TS-011,brake_fault,low,3.0,False
2025-08-31,TS-010,telecom_down,medium,7.7,False
2025-08-31,TS-016,hvac_failure,medium,4.3,False
2025-09-01,TS-003,brake_fault,critical,108.1,True
2025-09-01,TS-024,power_supply_issue,low,1.4,False
2025-09-01,TS-006,signalling_error,medium,6.3,False
2025-09-01,TS-015,signalling_error,low,2.7,False
2025-09-01,TS-005,signalling_error,low,3.3,False
2025-09-01,TS-009,telecom_down,medium,9.7,False
2025-09-02,TS-014,pantograph_fault,medium,11.9,False
2025-09-02,TS-017,coupling_issue,medium,6.8,False
2025-09-02,TS-003,door_malfunction,high,41.0,False
2025-09-02,TS-020,hvac_failure,medium,3.4,False
2025-09-02,TS-005,power_supply_issue,low,1.8,False
2025-09-02,TS-012,pantograph_fault,high,12.4,False
2025-09-02,TS-007,power_supply_issue,low,3.1,False
2025-09-03,TS-017,coupling_issue,high,44.6,True
2025-09-03,TS-007,brake_fault,medium,10.6,False
2025-09-03,TS-001,hvac_failure,low,1.7,False
2025-09-04,TS-022,coupling_issue,low,0.8,False
2025-09-04,TS-023,pantograph_fault,critical,111.4,True
2025-09-04,TS-017,telecom_down,critical,47.0,False
2025-09-04,TS-014,coupling_issue,medium,10.4,False
2025-09-04,TS-025,coupling_issue,critical,93.9,False
2025-09-04,TS-010,coupling_issue,high,39.3,True
2025-09-04,TS-014,coupling_issue,high,33.7,True
2025-09-04,TS-013,telecom_down,high,25.1,True
2025-09-05,TS-002,hvac_failure,low,2.7,False
2025-09-05,TS-013,signalling_error,critical,37.1,True
2025-09-06,TS-006,telecom_down,medium,10.7,False
2025-09-06,TS-004,brake_fault,medium,5.6,False
2025-09-06,TS-004,brake_fault,low,2.5,False
2025-09-06,TS-006,pantograph_fault,medium,8.4,False
2025-09-06,TS-023,hvac_failure,low,2.7,False
2025-09-06,TS-004,brake_fault,low,1.8,False
2025-09-06,TS-007,brake_fault,low,2.9,False
2025-09-07,TS-025,signalling_error,medium,3.3,False
2025-09-07,TS-004,brake_fault,high,34.0,False
2025-09-07,TS-010,pantograph_fault,high,18.4,True
2025-09-07,TS-022,coupling_issue,low,2.1,False
2025-09-07,TS-016,power_supply_issue,low,0.9,False
2025-09-07,TS-023,telecom_down,medium,8.6,False
2025-09-07,TS-009,signalling_error,critical,111.4,True
2025-09-07,TS-014,signalling_error,high,38.5,True
2025-09-08,TS-017,signalling_error,high,20.7,False
2025-09-08,TS-024,signalling_error,medium,10.4,False
2025-09-08,TS-009,brake_fault,low,2.4,False
2025-09-08,TS-020,brake_fault,low,2.5,False
2025-09-08,TS-016,telecom_down,critical,70.2,True
2025-09-09,TS-024,coupling_issue,high,37.3,False
2025-09-09,TS-003,signalling_error,high,37.2,True
2025-09-09,TS-004,door_malfunction,low,3.1,False
2025-09-09,TS-004,coupling_issue,low,1.7,False
2025-09-09,TS-006,signalling_error,high,37.4,False
2025-09-09,TS-024,coupling_issue,high,47.2,True
2025-09-09,TS-020,hvac_failure,low,2.4,False
2025-09-09,TS-005,pantograph_fault,critical,66.0,True
2025-09-10,TS-004,brake_fault,medium,9.1,False
2025-09-10,TS-013,pantograph_fault,low,0.7,False
2025-09-10,TS-007,pantograph_fault,low,1.2,False
2025-09-10,TS-024,telecom_down,high,40.7,False
2025-09-10,TS-005,hvac_failure,critical,64.7,False
2025-09-10,TS-014,brake_fault,low,3.6,False
2025-09-10,TS-022,signalling_error,low,3.1,False
2025-09-11,TS-009,hvac_failure,high,15.8,False
2025-09-11,TS-015,signalling_error,medium,5.7,False
2025-09-11,TS-024,power_supply_issue,medium,3.8,False
2025-09-11,TS-017,power_supply_issue,high,15.6,True
2025-09-11,TS-025,power_supply_issue,low,1.6,False
2025-09-11,TS-015,signalling_error,medium,6.9,False
2025-09-11,TS-013,hvac_failure,high,15.0,False
2025-09-11,TS-007,power_supply_issue,low,3.2,False
2025-09-12,TS-009,coupling_issue,medium,4.1,False
2025-09-12,TS-016,signalling_error,high,11.7,False
2025-09-12,TS-012,power_supply_issue,critical,38.9,True
2025-09-12,TS-018,power_supply_issue,low,0.8,False
2025-09-12,TS-007,power_supply_issue,high,24.9,True
2025-09-12,TS-010,pantograph_fault,medium,8.4,False
2025-09-12,TS-017,telecom_down,medium,7.5,False
2025-09-13,TS-014,hvac_failure,low,2.1,False
2025-09-13,TS-008,hvac_failure,low,2.7,False
2025-09-13,TS-017,telecom_down,medium,2.6,False
2025-09-13,TS-016,power_supply_issue,low,2.7,False
2025-09-14,TS-025,hvac_failure,medium,11.7,False
2025-09-14,TS-023,telecom_down,medium,10.0,False
2025-09-14,TS-010,hvac_failure,high,19.5,True
2025-09-14,TS-019,telecom_down,medium,6.3,False
2025-09-14,TS-008,telecom_down,low,3.6,False
2025-09-14,TS-019,pantograph_fault,medium,6.0,False
2025-09-14,TS-008,hvac_failure,high,20.8,False
2025-09-14,TS-024,door_malfunction,low,2.4,False
2025-09-15,TS-003,signalling_error,low,1.1,False
2025-09-15,TS-015,telecom_down,low,3.4,False
2025-09-15,TS-006,brake_fault,low,2.0,False
2025-09-16,TS-020,hvac_failure,medium,11.2,False
2025-09-16,TS-007,coupling_issue,medium,4.4,False
2025-09-16,TS-022,power_supply_issue,medium,7.5,False
2025-09-17,TS-004,door_malfunction,high,33.9,False
2025-09-17,TS-001,door_malfunction,high,40.5,False
2025-09-17,TS-020,brake_fault,low,0.8,False
2025-09-17,TS-007,signalling_error,high,11.1,False
2025-09-17,TS-019,hvac_failure,critical,78.2,True
2025-09-18,TS-004,signalling_error,low,2.2,False
2025-09-18,TS-013,pantograph_fault,medium,2.9,False
2025-09-18,TS-015,power_supply_issue,high,9.9,True
2025-09-18,TS-009,door_malfunction,critical,81.7,True
2025-09-19,TS-009,brake_fault,low,2.8,False
2025-09-19,TS-018,door_malfunction,high,33.0,True
2025-09-19,TS-004,power_supply_issue,medium,8.1,False
2025-09-20,TS-007,hvac_failure,high,34.4,False
2025-09-20,TS-014,door_malfunction,medium,5.5,False
2025-09-20,TS-003,hvac_failure,high,44.6,True
2025-09-20,TS-004,hvac_failure,medium,6.8,False
2025-09-21,TS-022,power_supply_issue,medium,9.2,False
2025-09-21,TS-008,brake_fault,low,2.7,False
2025-09-21,TS-021,power_supply_issue,critical,96.2,True
2025-09-21,TS-004,brake_fault,medium,5.1,False
2025-09-22,TS-021,hvac_failure,medium,5.5,False
2025-09-22,TS-010,brake_fault,low,3.8,False
2025-09-22,TS-010,hvac_failure,medium,3.9,False
2025-09-22,TS-009,door_malfunction,low,2.8,False
2025-09-22,TS-011,door_malfunction,medium,5.8,False
2025-09-22,TS-016,door_malfunction,low,3.9,False
2025-09-23,TS-023,telecom_down,critical,62.9,True
2025-09-23,TS-005,power_supply_issue,high,14.0,True
2025-09-23,TS-008,hvac_failure,low,0.9,False
2025-09-23,TS-021,signalling_error,low,2.8,False
2025-09-23,TS-004,pantograph_fault,low,3.5,False
2025-09-23,TS-015,telecom_down,medium,8.9,False
2025-09-23,TS-004,coupling_issue,low,0.6,False
2025-09-23,TS-007,pantograph_fault,high,41.3,False
2025-09-24,TS-025,hvac_failure,low,3.5,False
2025-09-24,TS-003,power_supply_issue,medium,4.7,False
2025-09-24,TS-018,brake_fault,high,24.1,True
2025-09-25,TS-003,signalling_error,medium,11.9,False
2025-09-25,TS-019,hvac_failure,high,44.9,True
2025-09-25,TS-004,power_supply_issue,medium,10.7,False
2025-09-25,TS-011,hvac_failure,medium,3.7,False
2025-09-25,TS-015,pantograph_fault,low,3.6,False
2025-09-25,TS-012,door_malfunction,high,16.3,False
2025-09-25,TS-022,door_malfunction,low,2.7,False
2025-09-26,TS-018,coupling_issue,medium,10.1,False
2025-09-26,TS-008,coupling_issue,high,23.5,True
2025-09-26,TS-001,hvac_failure,critical,37.4,True
2025-09-26,TS-021,signalling_error,high,22.5,False
2025-09-26,TS-002,pantograph_fault,low,1.4,False
2025-09-26,TS-001,coupling_issue,low,3.3,False
2025-09-27,TS-017,pantograph_fault,medium,9.6,False
2025-09-27,TS-022,door_malfunction,medium,4.8,False
2025-09-27,TS-010,power_supply_issue,low,3.7,False
2025-09-27,TS-014,brake_fault,high,23.9,False
2025-09-27,TS-020,power_supply_issue,low,2.5,False
2025-09-27,TS-022,power_supply_issue,critical,79.4,False
2025-09-28,TS-013,hvac_failure,low,2.4,False
2025-09-28,TS-023,brake_fault,medium,9.2,False
2025-09-29,TS-002,power_supply_issue,medium,4.5,False
2025-09-29,TS-009,hvac_failure,medium,3.9,False
2025-09-29,TS-019,telecom_down,high,29.0,True
2025-09-29,TS-018,pantograph_fault,critical,72.9,True
2025-09-30,TS-014,pantograph_fault,low,1.0,False
2025-09-30,TS-021,telecom_down,high,21.8,False
2025-09-30,TS-008,signalling_error,critical,58.8,True
2025-09-30,TS-018,signalling_error,critical,26.4,False
2025-10-01,TS-020,telecom_down,low,1.8,False
2025-10-01,TS-016,telecom_down,medium,7.2,False
2025-10-01,TS-020,door_malfunction,medium,2.5,False
2025-10-01,TS-011,door_malfunction,critical,47.1,False
2025-10-01,TS-007,coupling_issue,low,3.6,False
2025-10-01,TS-009,door_malfunction,low,1.3,False
2025-10-01,TS-025,signalling_error,medium,10.9,False
2025-10-02,TS-021,door_malfunction,high,13.9,True
2025-10-02,TS-008,pantograph_fault,low,1.9,False
2025-10-02,TS-025,coupling_issue,medium,11.4,False
2025-10-02,TS-014,power_supply_issue,low,3.3,False
2025-10-02,TS-011,brake_fault,low,3.5,False
2025-10-02,TS-020,telecom_down,critical,49.6,True
2025-10-02,TS-021,pantograph_fault,low,3.1,False
2025-10-02,TS-020,power_supply_issue,low,1.6,False
2025-10-03,TS-004,hvac_failure,medium,5.5,False
2025-10-03,TS-004,power_supply_issue,low,1.8,False
2025-10-03,TS-005,brake_fault,high,18.3,False
2025-10-03,TS-023,signalling_error,critical,112.7,True
2025-10-03,TS-009,power_supply_issue,low,2.8,False
2025-10-04,TS-010,power_supply_issue,low,0.9,False
2025-10-04,TS-007,hvac_failure,low,0.8,False
2025-10-04,TS-006,hvac_failure,low,2.5,False
2025-10-05,TS-016,coupling_issue,low,2.0,False
2025-10-05,TS-017,power_supply_issue,low,0.6,False
2025-10-05,TS-018,brake_fault,high,36.9,False
2025-10-05,TS-003,telecom_down,low,1.9,False
2025-10-05,TS-001,pantograph_fault,critical,98.7,True
2025-10-06,TS-013,signalling_error,high,28.9,False
2025-10-06,TS-014,brake_fault,high,37.1,False
2025-10-07,TS-018,pantograph_fault,medium,5.6,False
2025-10-07,TS-015,brake_fault,low,2.7,False
2025-10-07,TS-002,telecom_down,medium,9.2,False
2025-10-08,TS-003,brake_fault,high,45.0,False
2025-10-08,TS-011,signalling_error,high,31.8,True
2025-10-08,TS-018,power_supply_issue,low,1.5,False
2025-10-08,TS-008,hvac_failure,medium,4.9,False
2025-10-08,TS-001,telecom_down,low,2.6,False
2025-10-08,TS-024,brake_fault,low,1.0,False
2025-10-08,TS-011,telecom_down,low,1.7,False
2025-10-09,TS-016,coupling_issue,critical,75.2,False
2025-10-09,TS-013,power_supply_issue,medium,7.1,False
2025-10-09,TS-024,door_malfunction,critical,119.7,False
2025-10-09,TS-019,signalling_error,low,2.0,False
2025-10-09,TS-014,signalling_error,medium,2.5,False
2025-10-09,TS-021,hvac_failure,low,4.0,False
2025-10-09,TS-013,pantograph_fault,low,3.4,False
2025-10-10,TS-002,signalling_error,medium,9.3,False
2025-10-10,TS-022,signalling_error,medium,6.9,False
2025-10-10,TS-009,brake_fault,critical,97.5,False
2025-10-10,TS-004,brake_fault,low,2.6,False
2025-10-10,TS-023,signalling_error,medium,4.5,False
2025-10-10,TS-013,door_malfunction,low,3.7,False
2025-10-10,TS-018,hvac_failure,low,1.8,False
2025-10-10,TS-006,pantograph_fault,critical,89.5,True
2025-10-11,TS-002,pantograph_fault,low,3.4,False
2025-10-11,TS-003,pantograph_fault,critical,79.2,False
2025-10-11,TS-020,power_supply_issue,low,0.9,False
2025-10-11,TS-018,signalling_error,high,16.6,True
2025-10-11,TS-025,signalling_error,high,19.3,True
2025-10-11,TS-009,power_supply_issue,medium,5.4,False
2025-10-11,TS-011,telecom_down,low,3.8,False
2025-10-11,TS-006,power_supply_issue,high,43.9,True
2025-10-12,TS-020,brake_fault,medium,9.2,False
2025-10-12,TS-016,door_malfunction,medium,5.0,False
2025-10-12,TS-018,telecom_down,high,28.4,True
2025-10-12,TS-004,telecom_down,critical,58.3,False
2025-10-12,TS-022,pantograph_fault,low,1.5,False
2025-10-13,TS-009,brake_fault,high,39.7,False
2025-10-13,TS-025,signalling_error,high,13.8,True
2025-10-13,TS-021,pantograph_fault,low,2.1,False
2025-10-14,TS-022,power_supply_issue,critical,111.1,True
2025-10-14,TS-018,signalling_error,medium,7.3,False
2025-10-14,TS-005,coupling_issue,low,3.3,False
2025-10-15,TS-003,pantograph_fault,low,1.6,False
2025-10-15,TS-023,door_malfunction,medium,2.4,False
2025-10-15,TS-011,signalling_error,medium,10.9,False
2025-10-15,TS-005,coupling_issue,medium,5.1,False
2025-10-15,TS-011,hvac_failure,low,1.8,False
2025-10-15,TS-001,hvac_failure,low,2.6,False
2025-10-15,TS-023,pantograph_fault,low,3.6,False
2025-10-16,TS-002,power_supply_issue,high,18.0,True
2025-10-16,TS-003,coupling_issue,low,3.0,False
2025-10-17,TS-017,telecom_down,low,2.0,False
2025-10-17,TS-012,power_supply_issue,low,3.8,False
2025-10-17,TS-021,coupling_issue,high,32.6,False
2025-10-17,TS-009,door_malfunction,low,3.6,False
2025-10-18,TS-013,telecom_down,low,3.5,False
2025-10-18,TS-016,power_supply_issue,critical,82.3,True
2025-10-18,TS-020,signalling_error,low,1.8,False
2025-10-18,TS-004,hvac_failure,high,18.0,False
2025-10-18,TS-022,door_malfunction,medium,3.9,False
2025-10-18,TS-007,power_supply_issue,high,34.9,False
2025-10-19,TS-003,coupling_issue,low,2.0,False
2025-10-19,TS-014,power_supply_issue,medium,11.8,False
2025-10-20,TS-010,hvac_failure,low,1.0,False
2025-10-20,TS-023,telecom_down,medium,7.5,False
2025-10-20,TS-017,pantograph_fault,low,3.3,False
2025-10-21,TS-025,pantograph_fault,low,3.7,False
2025-10-21,TS-010,telecom_down,medium,2.5,False
2025-10-21,TS-007,hvac_failure,high,14.2,True
2025-10-21,TS-016,telecom_down,low,3.2,False
2025-10-21,TS-009,signalling_error,low,3.6,False
2025-10-21,TS-020,brake_fault,low,3.3,False
2025-10-21,TS-025,signalling_error,medium,2.4,False
2025-10-22,TS-012,signalling_error,low,1.9,False
2025-10-22,TS-006,coupling_issue,high,47.4,False
2025-10-22,TS-010,telecom_down,low,0.8,False
2025-10-22,TS-007,brake_fault,high,9.5,True
2025-10-22,TS-001,pantograph_fault,low,0.7,False
2025-10-22,TS-011,power_supply_issue,low,1.3,False
2025-10-22,TS-010,coupling_issue,low,3.4,False
2025-10-23,TS-003,brake_fault,medium,8.5,False
2025-10-23,TS-014,door_malfunction,low,1.6,False
2025-10-23,TS-020,brake_fault,low,3.7,False
2025-10-23,TS-014,pantograph_fault,high,11.3,True
2025-10-23,TS-004,door_malfunction,low,3.5,False
2025-10-24,TS-019,signalling_error,high,9.1,True
2025-10-24,TS-010,telecom_down,medium,4.2,False
2025-10-24,TS-014,power_supply_issue,low,0.8,False
2025-10-24,TS-010,brake_fault,medium,4.6,False
2025-10-24,TS-010,hvac_failure,low,1.5,False
2025-10-25,TS-020,pantograph_fault,critical,119.9,True
2025-10-25,TS-007,pantograph_fault,low,1.2,False
2025-10-25,TS-002,door_malfunction,low,3.8,False
2025-10-25,TS-003,coupling_issue,medium,8.9,False
2025-10-25,TS-025,coupling_issue,medium,5.4,False
2025-10-25,TS-010,signalling_error,low,3.7,False
2025-10-26,TS-007,brake_fault,critical,62.3,True
2025-10-26,TS-006,brake_fault,critical,86.7,True
2025-10-26,TS-004,signalling_error,low,0.8,False
2025-10-26,TS-024,power_supply_issue,low,3.0,False
2025-10-26,TS-023,door_malfunction,low,2.6,False
2025-10-26,TS-015,signalling_error,low,2.3,False
2025-10-26,TS-008,hvac_failure,medium,7.9,False
2025-10-27,TS-003,power_supply_issue,critical,100.2,True
2025-10-27,TS-012,telecom_down,high,23.7,True
2025-10-27,TS-022,brake_fault,low,0.9,False
2025-10-28,TS-011,power_supply_issue,high,36.8,True
2025-10-28,TS-018,power_supply_issue,low,3.1,False
2025-10-28,TS-024,hvac_failure,low,3.7,False
2025-10-28,TS-012,coupling_issue,low,1.6,False
2025-10-28,TS-020,telecom_down,low,3.4,False
2025-10-28,TS-015,brake_fault,low,3.6,False
2025-10-28,TS-006,pantograph_fault,low,2.3,False
2025-10-28,TS-007,power_supply_issue,medium,7.8,False
2025-10-29,TS-003,telecom_down,high,28.6,False
2025-10-29,TS-006,coupling_issue,medium,10.7,False
2025-10-29,TS-016,brake_fault,critical,81.1,True
2025-10-29,TS-023,signalling_error,high,22.4,True
2025-10-29,TS-011,brake_fault,critical,97.6,True
2025-10-29,TS-018,coupling_issue,high,45.9,True
2025-10-29,TS-007,brake_fault,medium,5.8,False
2025-10-29,TS-024,coupling_issue,medium,7.8,False
2025-10-30,TS-019,signalling_error,low,2.2,False
2025-10-30,TS-014,telecom_down,low,0.9,False
2025-10-31,TS-021,telecom_down,medium,8.6,False
2025-10-31,TS-015,signalling_error,low,2.5,False
2025-10-31,TS-025,telecom_down,low,3.6,False
2025-10-31,TS-011,coupling_issue,low,3.0,False
2025-10-31,TS-020,power_supply_issue,high,28.7,False
2025-10-31,TS-001,telecom_down,low,2.7,False
2025-10-31,TS-002,hvac_failure,critical,52.2,False
2025-10-31,TS-018,pantograph_fault,medium,3.7,False
2025-11-01,TS-017,telecom_down,low,2.5,False
2025-11-01,TS-001,door_malfunction,high,14.7,True
2025-11-01,TS-025,hvac_failure,medium,5.6,False
2025-11-01,TS-010,door_malfunction,high,35.1,True
2025-11-02,TS-018,power_supply_issue,low,2.8,False
2025-11-02,TS-006,door_malfunction,high,22.3,True
2025-11-02,TS-013,power_supply_issue,high,14.3,False
2025-11-03,TS-006,door_malfunction,low,0.6,False
2025-11-03,TS-017,brake_fault,medium,6.2,False
2025-11-03,TS-004,brake_fault,high,16.2,True
2025-11-03,TS-015,signalling_error,critical,72.9,False
2025-11-03,TS-021,signalling_error,low,3.0,False
2025-11-04,TS-007,signalling_error,critical,83.5,True
2025-11-04,TS-013,pantograph_fault,medium,5.3,False
2025-11-05,TS-017,signalling_error,critical,44.1,True
2025-11-05,TS-016,brake_fault,critical,55.5,False
2025-11-06,TS-007,hvac_failure,high,13.8,True
2025-11-06,TS-021,signalling_error,high,34.1,True
2025-11-06,TS-025,coupling_issue,medium,10.6,False
2025-11-06,TS-003,hvac_failure,medium,2.3,False
2025-11-07,TS-008,pantograph_fault,high,36.7,False
2025-11-07,TS-020,signalling_error,medium,6.8,False
2025-11-07,TS-002,brake_fault,low,3.5,False
2025-11-08,TS-017,door_malfunction,high,46.5,False
2025-11-08,TS-005,pantograph_fault,medium,10.0,False
2025-11-08,TS-015,signalling_error,low,0.8,False
2025-11-08,TS-007,hvac_failure,medium,11.2,False
2025-11-08,TS-008,coupling_issue,low,0.8,False
2025-11-09,TS-019,signalling_error,low,0.7,False
2025-11-09,TS-013,signalling_error,medium,7.4,False
2025-11-10,TS-022,coupling_issue,low,0.8,False
2025-11-10,TS-023,pantograph_fault,low,0.6,False
2025-11-10,TS-011,coupling_issue,low,1.0,False
2025-11-10,TS-005,pantograph_fault,medium,2.3,False
2025-11-10,TS-005,signalling_error,low,2.1,False
2025-11-10,TS-022,power_supply_issue,low,0.5,False
2025-11-10,TS-019,hvac_failure,low,0.9,False
2025-11-10,TS-018,pantograph_fault,high,23.4,True
2025-11-11,TS-010,brake_fault,high,10.0,True
2025-11-11,TS-023,telecom_down,high,44.7,True
2025-11-11,TS-021,telecom_down,high,17.4,False
2025-11-11,TS-001,brake_fault,high,14.5,True
2025-11-11,TS-001,brake_fault,low,2.5,False
2025-11-11,TS-011,hvac_failure,critical,24.0,True
2025-11-11,TS-018,hvac_failure,critical,35.7,False
2025-11-12,TS-007,brake_fault,medium,6.6,False
2025-11-12,TS-012,door_malfunction,low,1.7,False
2025-11-12,TS-010,coupling_issue,medium,9.3,False
2025-11-12,TS-025,door_malfunction,medium,11.8,False
2025-11-12,TS-020,signalling_error,medium,3.2,False
2025-11-12,TS-017,power_supply_issue,low,2.6,False
2025-11-13,TS-020,power_supply_issue,medium,3.3,False
2025-11-13,TS-001,coupling_issue,low,1.2,False
2025-11-13,TS-013,coupling_issue,critical,37.9,True
2025-11-13,TS-025,power_supply_issue,low,2.5,False
2025-11-13,TS-021,pantograph_fault,low,3.5,False
2025-11-13,TS-016,signalling_error,low,0.7,False
2025-11-13,TS-022,telecom_down,low,2.7,False
2025-11-13,TS-014,hvac_failure,critical,97.4,True
2025-11-14,TS-005,hvac_failure,high,19.6,False
2025-11-14,TS-001,door_malfunction,low,1.1,False
2025-11-14,TS-016,brake_fault,medium,6.3,False
2025-11-14,TS-007,telecom_down,medium,9.8,False
2025-11-14,TS-018,brake_fault,medium,10.2,False
2025-11-14,TS-016,pantograph_fault,critical,111.6,False
2025-11-15,TS-003,telecom_down,high,17.7,True
2025-11-15,TS-017,pantograph_fault,low,0.6,False
2025-11-15,TS-001,hvac_failure,medium,8.3,False
2025-11-15,TS-017,signalling_error,high,48.0,True
2025-11-15,TS-012,power_supply_issue,medium,9.5,False
2025-11-15,TS-010,door_malfunction,medium,2.4,False
2025-11-16,TS-008,telecom_down,critical,89.4,False
2025-11-16,TS-020,coupling_issue,medium,3.6,False
2025-11-16,TS-002,coupling_issue,medium,9.7,False
2025-11-16,TS-021,hvac_failure,high,25.9,False
2025-11-16,TS-002,signalling_error,high,35.0,True
2025-11-16,TS-017,brake_fault,low,2.5,False
2025-11-17,TS-012,telecom_down,low,1.5,False
2025-11-17,TS-013,signalling_error,low,3.9,False
2025-11-17,TS-004,door_malfunction,medium,2.0,False
2025-11-18,TS-006,signalling_error,low,1.7,False
2025-11-18,TS-006,hvac_failure,high,11.3,True
2025-11-18,TS-004,door_malfunction,low,3.3,False
2025-11-18,TS-003,signalling_error,high,43.7,True
2025-11-18,TS-013,coupling_issue,high,12.0,False
2025-11-18,TS-016,pantograph_fault,low,2.4,False
2025-11-18,TS-009,door_malfunction,medium,5.7,False
2025-11-18,TS-006,signalling_error,medium,4.5,False
2025-11-19,TS-019,door_malfunction,medium,6.1,False
2025-11-19,TS-020,hvac_failure,medium,5.8,False
2025-11-19,TS-004,door_malfunction,medium,6.9,False
2025-11-19,TS-015,door_malfunction,low,0.9,False
2025-11-20,TS-019,signalling_error,low,2.0,False
2025-11-20,TS-021,hvac_failure,medium,3.7,False
2025-11-20,TS-014,signalling_error,medium,9.4,False
2025-11-20,TS-006,power_supply_issue,critical,101.8,True
2025-11-20,TS-024,door_malfunction,low,1.7,False
2025-11-20,TS-025,brake_fault,medium,11.8,False
2025-11-21,TS-020,pantograph_fault,medium,8.3,False
2025-11-21,TS-001,telecom_down,medium,11.9,False
2025-11-22,TS-007,brake_fault,high,29.8,True
2025-11-22,TS-007,telecom_down,low,2.5,False
2025-11-22,TS-018,power_supply_issue,medium,8.2,False
2025-11-22,TS-004,pantograph_fault,low,2.4,False
2025-11-23,TS-024,power_supply_issue,high,22.9,False
2025-11-23,TS-008,telecom_down,low,1.1,False
2025-11-23,TS-004,telecom_down,high,8.2,False
2025-11-23,TS-024,signalling_error,medium,10.6,False
2025-11-23,TS-012,power_supply_issue,medium,9.8,False
2025-11-23,TS-009,brake_fault,medium,10.7,False
2025-11-24,TS-015,signalling_error,low,2.3,False
2025-11-24,TS-020,signalling_error,low,2.7,False
2025-11-24,TS-024,power_supply_issue,low,0.8,False
2025-11-24,TS-016,coupling_issue,low,3.4,False
2025-11-24,TS-016,door_malfunction,high,15.8,True
2025-11-24,TS-001,door_malfunction,low,2.9,False
2025-11-24,TS-016,power_supply_issue,low,3.0,False
2025-11-25,TS-016,signalling_error,low,2.5,False
2025-11-25,TS-013,power_supply_issue,medium,8.4,False
2025-11-25,TS-012,door_malfunction,medium,6.6,False
2025-11-25,TS-024,telecom_down,low,3.3,False
2025-11-25,TS-014,telecom_down,low,3.0,False
2025-11-26,TS-020,hvac_failure,high,24.7,False
2025-11-26,TS-013,brake_fault,low,2.7,False
2025-11-26,TS-007,brake_fault,medium,4.6,False
2025-11-26,TS-010,hvac_failure,high,25.9,True
2025-11-26,TS-023,coupling_issue,low,1.3,False
2025-11-26,TS-004,brake_fault,low,4.0,False
2025-11-27,TS-012,hvac_failure,low,3.0,False
2025-11-27,TS-005,pantograph_fault,critical,45.2,True
2025-11-27,TS-010,coupling_issue,low,2.6,False
2025-11-27,TS-006,hvac_failure,low,1.0,False
2025-11-27,TS-005,power_supply_issue,high,26.2,True
2025-11-28,TS-006,coupling_issue,medium,7.3,False
2025-11-28,TS-006,coupling_issue,low,3.4,False
2025-11-29,TS-015,power_supply_issue,critical,105.4,True
2025-11-29,TS-016,pantograph_fault,high,20.0,True
2025-11-29,TS-019,pantograph_fault,medium,11.9,False
2025-11-30,TS-016,door_malfunction,medium,8.4,False
2025-11-30,TS-025,brake_fault,medium,3.6,False
2025-11-30,TS-013,coupling_issue,low,2.6,False
2025-12-01,TS-017,power_supply_issue,medium,9.4,False
2025-12-01,TS-020,door_malfunction,low,1.0,False
2025-12-01,TS-006,pantograph_fault,medium,8.1,False
2025-12-01,TS-005,hvac_failure,medium,2.8,False
2025-12-01,TS-008,hvac_failure,medium,6.1,False
2025-12-01,TS-018,signalling_error,low,3.7,False
2025-12-02,TS-006,hvac_failure,low,2.6,False
2025-12-02,TS-025,coupling_issue,low,2.5,False
2025-12-02,TS-022,coupling_issue,critical,37.6,False
2025-12-02,TS-014,hvac_failure,medium,4.5,False
2025-12-02,TS-003,hvac_failure,high,32.5,True
2025-12-02,TS-013,coupling_issue,medium,6.0,False
2025-12-02,TS-015,signalling_error,low,2.6,False
2025-12-03,TS-019,signalling_error,low,1.7,False
2025-12-03,TS-014,brake_fault,medium,11.8,False
2025-12-03,TS-012,telecom_down,medium,3.9,False
2025-12-03,TS-022,telecom_down,medium,9.2,False
2025-12-03,TS-002,signalling_error,medium,8.8,False
2025-12-03,TS-018,signalling_error,high,9.3,True
2025-12-04,TS-018,hvac_failure,low,3.2,False
2025-12-04,TS-009,signalling_error,low,0.5,False
2025-12-04,TS-006,coupling_issue,medium,3.4,False
2025-12-04,TS-015,power_supply_issue,medium,6.8,False
2025-12-04,TS-005,coupling_issue,critical,113.9,True
2025-12-05,TS-024,power_supply_issue,medium,2.1,False
2025-12-05,TS-011,pantograph_fault,critical,96.8,True
2025-12-05,TS-017,door_malfunction,high,47.4,False
2025-12-05,TS-019,power_supply_issue,low,1.1,False
2025-12-05,TS-023,signalling_error,low,2.5,False
2025-12-05,TS-001,pantograph_fault,high,43.0,True
2025-12-06,TS-021,telecom_down,medium,5.6,False
2025-12-06,TS-007,signalling_error,high,24.8,False
2025-12-06,TS-020,pantograph_fault,low,2.2,False
2025-12-06,TS-008,pantograph_fault,low,2.0,False
2025-12-07,TS-007,pantograph_fault,critical,32.4,True
2025-12-07,TS-007,signalling_error,medium,3.0,False
2025-12-07,TS-001,door_malfunction,medium,7.0,False
2025-12-07,TS-022,power_supply_issue,medium,10.8,False
2025-12-07,TS-011,brake_fault,high,46.5,True
2025-12-08,TS-017,hvac_failure,medium,10.7,False
2025-12-08,TS-005,door_malfunction,medium,6.3,False
2025-12-08,TS-025,power_supply_issue,critical,81.6,True
2025-12-08,TS-021,brake_fault,critical,62.8,True
2025-12-08,TS-014,hvac_failure,low,1.0,False
2025-12-08,TS-022,door_malfunction,low,1.5,False
2025-12-08,TS-019,telecom_down,medium,8.4,False
2025-12-08,TS-020,signalling_error,low,3.4,False
2025-12-09,TS-021,coupling_issue,low,2.2,False
2025-12-09,TS-022,door_malfunction,medium,5.0,False
2025-12-09,TS-024,door_malfunction,low,1.3,False
2025-12-09,TS-022,pantograph_fault,high,23.3,False
2025-12-09,TS-008,power_supply_issue,low,2.8,False
2025-12-09,TS-021,telecom_down,medium,11.6,False
2025-12-09,TS-021,power_supply_issue,critical,103.6,True
2025-12-09,TS-025,telecom_down,medium,3.4,False
2025-12-10,TS-022,hvac_failure,medium,3.8,False
2025-12-10,TS-004,telecom_down,low,1.0,False
2025-12-10,TS-022,hvac_failure,critical,52.9,True
2025-12-10,TS-013,signalling_error,low,2.0,False
2025-12-10,TS-022,coupling_issue,high,39.0,True
2025-12-10,TS-019,power_supply_issue,critical,63.2,True
2025-12-10,TS-022,signalling_error,medium,7.7,False
2025-12-11,TS-013,coupling_issue,medium,11.2,False
2025-12-11,TS-022,telecom_down,high,14.1,True
2025-12-11,TS-021,hvac_failure,high,19.9,True
2025-12-11,TS-004,pantograph_fault,low,2.4,False
2025-12-11,TS-012,signalling_error,high,42.2,True
2025-12-12,TS-001,hvac_failure,low,3.8,False
2025-12-12,TS-022,pantograph_fault,low,2.3,False
2025-12-12,TS-018,coupling_issue,high,34.7,True
2025-12-12,TS-005,hvac_failure,low,3.7,False
2025-12-13,TS-004,door_malfunction,low,1.6,False
2025-12-13,TS-025,signalling_error,low,3.2,False
2025-12-13,TS-022,telecom_down,low,2.7,False
2025-12-14,TS-012,brake_fault,critical,98.6,False
2025-12-14,TS-020,hvac_failure,low,3.0,False
2025-12-14,TS-014,pantograph_fault,low,3.1,False
2025-12-14,TS-020,coupling_issue,low,1.1,False
2025-12-15,TS-016,power_supply_issue,low,3.5,False
2025-12-15,TS-015,brake_fault,low,2.8,False
2025-12-15,TS-005,pantograph_fault,low,1.4,False
2025-12-15,TS-024,brake_fault,high,20.2,False
2025-12-15,TS-015,pantograph_fault,low,0.6,False
2025-12-16,TS-017,signalling_error,medium,4.3,False
2025-12-16,TS-025,coupling_issue,medium,11.0,False
2025-12-16,TS-010,brake_fault,medium,10.0,False
2025-12-16,TS-006,telecom_down,critical,26.6,False
2025-12-16,TS-002,coupling_issue,critical,115.3,True
2025-12-16,TS-009,hvac_failure,high,34.2,True
2025-12-17,TS-011,telecom_down,low,1.4,False
2025-12-17,TS-013,hvac_failure,low,1.7,False
2025-12-17,TS-021,power_supply_issue,medium,9.6,False
2025-12-17,TS-008,coupling_issue,high,41.5,True
2025-12-17,TS-012,signalling_error,medium,3.0,False
2025-12-17,TS-006,hvac_failure,high,14.8,True
2025-12-17,TS-009,coupling_issue,high,13.1,True
2025-12-17,TS-009,power_supply_issue,medium,10.6,False
2025-12-18,TS-008,signalling_error,high,35.3,True
2025-12-18,TS-017,hvac_failure,medium,4.3,False
2025-12-18,TS-021,hvac_failure,medium,9.7,False
2025-12-18,TS-021,telecom_down,medium,6.7,False
2025-12-18,TS-014,brake_fault,low,1.8,False
2025-12-19,TS-022,brake_fault,medium,4.5,False
2025-12-19,TS-024,signalling_error,high,13.1,True
2025-12-19,TS-012,brake_fault,low,1.4,False
2025-12-19,TS-001,pantograph_fault,low,1.5,False
2025-12-20,TS-018,signalling_error,medium,10.2,False
2025-12-20,TS-011,door_malfunction,medium,10.1,False
2025-12-20,TS-005,telecom_down,medium,6.8,False
2025-12-21,TS-011,hvac_failure,low,1.9,False
2025-12-21,TS-011,door_malfunction,low,3.9,False
2025-12-21,TS-025,brake_fault,low,1.3,False
2025-12-22,TS-009,signalling_error,high,32.8,True
2025-12-22,TS-012,hvac_failure,low,0.5,False
2025-12-22,TS-019,telecom_down,medium,6.4,False
2025-12-22,TS-017,coupling_issue,low,2.4,False
2025-12-22,TS-020,door_malfunction,medium,5.7,False
2025-12-22,TS-014,brake_fault,medium,5.7,False
2025-12-22,TS-024,signalling_error,critical,86.8,False
2025-12-22,TS-015,power_supply_issue,low,1.0,False
2025-12-23,TS-021,signalling_error,medium,6.8,False
2025-12-23,TS-021,hvac_failure,medium,10.6,False
2025-12-23,TS-010,door_malfunction,medium,7.1,False
2025-12-23,TS-024,door_malfunction,medium,5.0,False
2025-12-23,TS-017,door_malfunction,low,1.0,False
2025-12-23,TS-007,hvac_failure,medium,9.1,False
2025-12-23,TS-025,coupling_issue,high,38.5,True
2025-12-24,TS-006,door_malfunction,medium,8.3,False
2025-12-24,TS-024,pantograph_fault,low,0.9,False
2025-12-24,TS-004,telecom_down,critical,58.1,True
2025-12-24,TS-023,pantograph_fault,high,16.5,True
2025-12-24,TS-004,hvac_failure,low,2.4,False
2025-12-24,TS-005,power_supply_issue,medium,5.9,False
2025-12-24,TS-006,door_malfunction,low,2.5,False
2025-12-25,TS-019,power_supply_issue,medium,10.9,False
2025-12-25,TS-015,pantograph_fault,medium,8.5,False
2025-12-25,TS-011,coupling_issue,low,3.8,False
2025-12-25,TS-019,telecom_down,medium,3.4,False
2025-12-25,TS-020,hvac_failure,critical,33.6,True
2025-12-26,TS-015,telecom_down,high,17.3,True
2025-12-26,TS-024,hvac_failure,medium,4.7,False
2025-12-27,TS-015,hvac_failure,medium,5.5,False
2025-12-27,TS-004,coupling_issue,low,3.8,False
2025-12-27,TS-009,brake_fault,medium,6.9,False
2025-12-27,TS-015,coupling_issue,low,1.1,False
2025-12-27,TS-007,door_malfunction,medium,5.3,False
2025-12-27,TS-025,signalling_error,critical,71.6,True
2025-12-27,TS-007,power_supply_issue,high,9.5,False
2025-12-27,TS-002,door_malfunction,low,1.0,False
2025-12-28,TS-023,signalling_error,medium,10.0,False
2025-12-28,TS-018,telecom_down,critical,119.5,True
2025-12-28,TS-015,pantograph_fault,medium,4.7,False
2025-12-28,TS-005,pantograph_fault,low,3.3,False
2025-12-28,TS-013,door_malfunction,low,3.1,False
2025-12-28,TS-013,brake_fault,low,1.3,False
2025-12-29,TS-022,pantograph_fault,medium,6.7,False
2025-12-29,TS-023,pantograph_fault,low,0.6,False
2025-12-29,TS-019,door_malfunction,critical,57.6,False
2025-12-29,TS-018,hvac_failure,medium,9.5,False
2025-12-30,TS-007,telecom_down,low,1.1,False
2025-12-30,TS-024,signalling_error,low,1.6,False
2025-12-30,TS-010,coupling_issue,low,3.3,False
2025-12-31,TS-008,coupling_issue,medium,11.0,False
2025-12-31,TS-001,door_malfunction,medium,2.1,False
2025-12-31,TS-002,telecom_down,high,31.2,False
2025-12-31,TS-001,hvac_failure,medium,9.1,False
2025-12-31,TS-025,coupling_issue,high,25.3,False
2025-12-31,TS-021,door_malfunction,medium,4.9,False
2025-12-31,TS-003,signalling_error,high,24.4,True
2025-12-31,TS-021,telecom_down,low,3.8,False
